-- phpMyAdmin SQL Dump
-- version 5.2.1
-- https://www.phpmyadmin.net/
--
-- Host: 127.0.0.1
-- Generation Time: Nov 29, 2024 at 04:00 PM
-- Server version: 10.4.32-MariaDB
-- PHP Version: 8.2.12

SET SQL_MODE = "NO_AUTO_VALUE_ON_ZERO";
START TRANSACTION;
SET time_zone = "+00:00";


/*!40101 SET @OLD_CHARACTER_SET_CLIENT=@@CHARACTER_SET_CLIENT */;
/*!40101 SET @OLD_CHARACTER_SET_RESULTS=@@CHARACTER_SET_RESULTS */;
/*!40101 SET @OLD_COLLATION_CONNECTION=@@COLLATION_CONNECTION */;
/*!40101 SET NAMES utf8mb4 */;

--
-- Database: `expense_tracker`
--

-- --------------------------------------------------------

--
-- Table structure for table `category`
--

CREATE TABLE `category` (
  `id` int(10) NOT NULL,
  `user_id` int(11) DEFAULT NULL,
  `created_at` datetime DEFAULT current_timestamp(),
  `updated_at` datetime DEFAULT current_timestamp() ON UPDATE current_timestamp(),
  `name` varchar(100) DEFAULT NULL,
  `description` varchar(255) DEFAULT NULL
) ENGINE=InnoDB DEFAULT CHARSET=utf8mb4 COLLATE=utf8mb4_general_ci;

--
-- Dumping data for table `category`
--

INSERT INTO `category` (`id`, `user_id`, `created_at`, `updated_at`, `name`, `description`) VALUES
(1, 2, '2024-11-27 19:37:50', '2024-11-29 22:53:39', 'Category 1', 'Test category 12'),
(2, 2, '2024-11-27 19:43:06', '2024-11-27 19:46:15', 'Category 2', 'Test category 2');

-- --------------------------------------------------------

--
-- Table structure for table `dashboard`
--

CREATE TABLE `dashboard` (
  `id` int(11) NOT NULL,
  `user_id` int(11) DEFAULT NULL,
  `balance` decimal(20,2) NOT NULL DEFAULT 0.00,
  `expense_total` decimal(20,2) NOT NULL DEFAULT 0.00,
  `deposit_total` decimal(20,2) NOT NULL DEFAULT 0.00,
  `expense_count` int(11) NOT NULL DEFAULT 0,
  `deposit_count` int(11) NOT NULL DEFAULT 0
) ENGINE=InnoDB DEFAULT CHARSET=utf8mb4 COLLATE=utf8mb4_general_ci;

--
-- Dumping data for table `dashboard`
--

INSERT INTO `dashboard` (`id`, `user_id`, `balance`, `expense_total`, `deposit_total`, `expense_count`, `deposit_count`) VALUES
(1, 2, 319675343.89, 10874920.69, 330550264.58, 12, 21),
(2, 4, 0.00, 0.00, 0.00, 0, 0),
(3, 5, -1000.00, 1000.00, 0.00, 1, 0),
(4, NULL, 0.00, 0.00, 0.00, 0, 0),
(5, NULL, 0.00, 0.00, 0.00, 0, 0),
(6, NULL, 0.00, 0.00, 0.00, 0, 0),
(7, NULL, 0.00, 0.00, 0.00, 0, 0),
(8, NULL, 0.00, 0.00, 0.00, 0, 0),
(9, NULL, 0.00, 0.00, 0.00, 0, 0),
(11, NULL, 0.00, 0.00, 0.00, 0, 0),
(12, NULL, 0.00, 0.00, 0.00, 0, 0),
(13, NULL, 0.00, 0.00, 0.00, 0, 0),
(15, NULL, 0.00, 0.00, 0.00, 0, 0),
(16, 19, 0.00, 0.00, 0.00, 0, 0),
(17, 20, 0.00, 0.00, 0.00, 0, 0),
(18, 21, 0.00, 0.00, 0.00, 0, 0),
(19, 21, 0.00, 0.00, 0.00, 0, 0),
(20, 21, 0.00, 0.00, 0.00, 0, 0),
(21, 21, 0.00, 0.00, 0.00, 0, 0),
(22, 21, 0.00, 0.00, 0.00, 0, 0),
(23, 21, 0.00, 0.00, 0.00, 0, 0),
(24, 21, 0.00, 0.00, 0.00, 0, 0),
(25, 21, 0.00, 0.00, 0.00, 0, 0),
(26, 22, 0.00, 0.00, 0.00, 0, 0),
(27, 23, 0.00, 0.00, 0.00, 0, 0),
(28, 24, 0.00, 0.00, 0.00, 0, 0),
(29, 24, 0.00, 0.00, 0.00, 0, 0),
(30, 24, 0.00, 0.00, 0.00, 0, 0),
(31, 24, 0.00, 0.00, 0.00, 0, 0),
(32, 24, 0.00, 0.00, 0.00, 0, 0),
(33, 24, 0.00, 0.00, 0.00, 0, 0),
(34, 24, 0.00, 0.00, 0.00, 0, 0),
(35, 24, 0.00, 0.00, 0.00, 0, 0),
(36, 25, 0.00, 0.00, 0.00, 0, 0),
(37, 26, 0.00, 0.00, 0.00, 0, 0);

-- --------------------------------------------------------

--
-- Table structure for table `deposit`
--

CREATE TABLE `deposit` (
  `id` int(10) NOT NULL,
  `user_id` int(10) NOT NULL,
  `created_at` datetime DEFAULT current_timestamp(),
  `updated_at` datetime DEFAULT current_timestamp() ON UPDATE current_timestamp(),
  `description` varchar(255) DEFAULT NULL,
  `category_id` int(10) NOT NULL,
  `category` varchar(100) DEFAULT NULL,
  `amount` decimal(20,2) DEFAULT NULL,
  `date` date DEFAULT NULL
) ENGINE=InnoDB DEFAULT CHARSET=utf8mb4 COLLATE=utf8mb4_general_ci;

--
-- Dumping data for table `deposit`
--

INSERT INTO `deposit` (`id`, `user_id`, `created_at`, `updated_at`, `description`, `category_id`, `category`, `amount`, `date`) VALUES
(16, 2, '2024-10-23 12:34:31', '2024-11-28 12:42:49', 'qwertyui', 1, 'Category 1', 234599.00, '2024-09-01'),
(17, 2, '2024-10-23 12:34:32', '2024-11-27 21:21:36', '1234', 1, 'Category 1', 2345.60, '2024-10-03'),
(18, 2, '2024-10-27 22:54:47', '2024-11-27 20:56:53', 'minecraft inbu', 2, 'Category 2', 234.00, '2024-09-29'),
(19, 2, '2024-11-04 13:34:45', '2024-11-27 20:56:55', 'minecraft inbu', 2, 'Category 2', 2345.55, '2024-10-28'),
(20, 2, '2024-11-04 15:15:11', '2024-11-27 20:56:58', 'minecraft inbu', 2, 'Category 2', 234.00, '2024-10-29'),
(21, 2, '2024-11-04 15:16:05', '2024-11-27 20:57:10', 'minecraft inbu', 2, 'Category 2', 4567.00, '2024-10-31'),
(22, 2, '2024-11-04 15:17:18', '2024-11-27 21:21:36', 'samidcbin akcnspn', 1, 'Category 1', 5797.34, '2024-10-11'),
(24, 2, '2024-11-06 17:54:14', '2024-11-27 20:57:19', 'minecraft inbu', 2, 'Category 2', 876.00, '2024-11-06'),
(25, 15, '2024-11-26 11:32:33', '2024-11-27 20:57:25', 'Christmas Decorations', 1, 'Category 1', 1500.00, '2024-11-25'),
(26, 15, '2024-11-26 11:32:38', '2024-11-27 20:57:27', 'Christmas Decorations', 1, 'Category 1', 1500.00, '2024-11-25'),
(27, 2, '2024-11-26 15:20:09', '2024-11-27 20:57:30', 'asonibioc osbd cj', 2, 'Category 2', 234.09, '2024-11-05'),
(28, 2, '2024-11-26 15:24:55', '2024-11-27 20:57:33', 'scadj nn aosidpjpds', 2, 'Category 2', 348349.00, '2024-10-27'),
(30, 2, '2024-11-26 15:32:14', '2024-11-27 20:57:36', 'minecraft inbu', 2, 'Category 2', 345657.00, '2024-11-05'),
(31, 2, '2024-11-26 15:35:05', '2024-11-27 20:57:41', 'minecraft inbu', 2, 'Category 2', 32454.00, '2024-10-31'),
(33, 2, '2024-11-26 15:40:51', '2024-11-27 21:21:36', 'minecraft inbu', 1, 'Category 1', 4567892.00, '2024-11-04'),
(34, 2, '2024-11-26 15:41:19', '2024-11-27 21:21:36', 'minecraft inbu', 1, 'Category 1', 12345.00, '2024-10-29'),
(35, 2, '2024-11-26 15:46:20', '2024-11-27 21:21:36', 'minecraft inbu', 1, 'Category 1', 35674.00, '2024-10-28'),
(36, 2, '2024-11-26 15:47:31', '2024-11-27 22:41:07', 'Ratione rerum aut ne', 1, 'Category 1', 47.00, '2024-10-17'),
(37, 2, '2024-11-26 15:48:28', '2024-11-27 20:57:56', 'minecsdcmonon  ano', 2, 'Category 2', 23456.00, '2024-10-31'),
(38, 2, '2024-11-26 15:49:03', '2024-11-27 20:57:59', 'minecraft inbu', 2, 'Category 2', 324909000.00, '2024-11-04'),
(40, 2, '2024-11-27 23:03:16', '2024-11-27 23:03:16', 'minecraft inbu', 2, 'Category 2', 24.00, '2024-11-01'),
(42, 2, '2024-11-27 23:06:26', '2024-11-27 23:09:49', 'dcbin akcnspn siabo', 2, 'Category 2', 23456.00, '2024-11-07'),
(43, 2, '2024-11-27 23:08:55', '2024-11-27 23:09:44', 'minecraft inbu', 1, 'Category 1', 678.00, '2024-11-02');

-- --------------------------------------------------------

--
-- Table structure for table `expense`
--

CREATE TABLE `expense` (
  `id` int(10) NOT NULL,
  `user_id` int(11) DEFAULT NULL,
  `created_at` datetime DEFAULT current_timestamp(),
  `updated_at` datetime DEFAULT current_timestamp() ON UPDATE current_timestamp(),
  `description` varchar(255) DEFAULT NULL,
  `category_id` int(10) NOT NULL,
  `category` varchar(100) DEFAULT NULL,
  `amount` decimal(20,2) DEFAULT NULL,
  `date` date DEFAULT NULL,
  `item` varchar(500) DEFAULT NULL,
  `quantity` int(10) DEFAULT NULL
) ENGINE=InnoDB DEFAULT CHARSET=utf8mb4 COLLATE=utf8mb4_general_ci;

--
-- Dumping data for table `expense`
--

INSERT INTO `expense` (`id`, `user_id`, `created_at`, `updated_at`, `description`, `category_id`, `category`, `amount`, `date`, `item`, `quantity`) VALUES
(2, 2, '2024-10-23 22:33:59', '2024-11-27 21:21:36', 'basccdsd', 1, 'Category 1', 345677.71, '2024-09-01', '342, 5fd, sfd gd', 34),
(3, 2, '2024-10-23 22:34:39', '2024-11-27 20:59:09', 'asccdsd', 2, 'Category 2', 123456.00, '2024-09-29', '12342, 5fd , sfd gd, s fs', 123),
(4, 2, '2024-10-24 18:19:52', '2024-11-27 21:21:36', 'noidcbijpac dk', 1, 'Category 1', 9876123.00, '2024-09-29', 'wertyuio, cfvghnjm, oijhsgk, dkjhjk', 234),
(6, 2, '2024-10-24 18:25:45', '2024-11-27 20:59:16', 'minehj vsduva', 2, 'Category 2', 432123.00, '2023-08-17', 'rtyuiw,, wertyuio, cfvghnjm, oijhsgk, dkjhjk', 23),
(7, 2, '2024-10-24 18:32:48', '2024-11-27 21:21:36', 'noidcbijpac dk', 1, 'Category 1', 82637.00, '2023-01-18', 'rtyuiw, riouou, wertyuio, oijhsgk, dkjhjk', 345),
(8, 2, '2024-10-24 18:34:28', '2024-11-27 21:21:36', 'minecraft dsinh s', 1, 'Category 1', 2318.00, '2023-01-12', 'yet, ndcis, fubc, dsijib, wedjnus', 8),
(9, 2, '2024-10-28 12:52:43', '2024-11-27 20:59:24', 'noidcbijpac dk', 2, 'Category 2', 9876.98, '2023-01-27', 'wertyuio, cfvghnjm, oijhsgk', 567),
(10, 2, '2024-11-04 16:18:43', '2024-11-28 12:57:30', 'sinh sasmacnk', 1, 'Category 1', 987.00, '2023-01-02', 'sxkan, dskcn', 23),
(12, 2, '2024-11-06 09:28:43', '2024-11-27 20:59:29', 'GIS Training Snacks', 2, 'Category 2', 500.00, '2024-11-06', 'Snacks', 34),
(25, 5, '2024-11-06 18:13:24', '2024-11-27 20:59:32', 'For GIS Training', 1, 'Category 1', 1000.00, '2024-11-06', 'Snacks', 30),
(27, 2, '2024-11-06 18:14:26', '2024-11-27 21:21:36', 'noidcbijpac dk', 1, 'Category 1', 234.00, '2024-10-30', 'wertyuio, cfvghnjm, oijhsgk, dkjhjk', 3984),
(28, 2, '2024-11-26 20:05:31', '2024-11-27 21:21:36', 'noidcbijpac dk', 1, 'Category 1', 949.00, '2024-11-06', 'wertyuio, cfvghnjm, oijhsgk, dkjhjk', 723),
(29, 2, '2024-11-26 20:06:24', '2024-11-27 21:21:36', 'noidcbijpac dk', 1, 'Category 1', 39.00, '2024-11-04', 'yet, ndcis, fubc, dsijib, wedjnus', 30);

-- --------------------------------------------------------

--
-- Table structure for table `logs`
--

CREATE TABLE `logs` (
  `id` int(10) NOT NULL,
  `user_id` int(11) DEFAULT NULL,
  `created_at` timestamp NOT NULL DEFAULT current_timestamp(),
  `status` int(1) NOT NULL,
  `description` varchar(1000) NOT NULL
) ENGINE=InnoDB DEFAULT CHARSET=utf8mb4 COLLATE=utf8mb4_general_ci;

--
-- Dumping data for table `logs`
--

INSERT INTO `logs` (`id`, `user_id`, `created_at`, `status`, `description`) VALUES
(1, 2, '2024-11-25 10:46:59', 1, 'User JpcTheDecoder logged in successfully.'),
(2, 8, '2024-11-25 10:47:07', 1, 'User root logged in successfully.'),
(3, 2, '2024-11-25 11:00:38', 1, 'User JpcTheDecoder logged in successfully.'),
(4, 2, '2024-11-25 11:00:39', 1, 'Dashboard data fetched for dashboard ID: 1'),
(5, 8, '2024-11-25 11:00:44', 1, 'User root logged in successfully.'),
(6, 2, '2024-11-25 11:04:31', 1, 'User JpcTheDecoder logged in successfully.'),
(7, 2, '2024-11-25 11:04:31', 1, 'Dashboard data fetched for dashboard ID: 1'),
(8, 8, '2024-11-25 11:05:05', 1, 'User root logged in successfully.'),
(9, 8, '2024-11-25 14:06:25', 1, 'User logged out'),
(10, NULL, '2024-11-25 14:14:59', 0, 'Failed login attempt for username: JpcTheDecoder. Incorrect password.'),
(11, 2, '2024-11-25 14:15:08', 1, 'User JpcTheDecoder logged in successfully.'),
(12, 2, '2024-11-25 14:15:08', 1, 'Dashboard data fetched for dashboard ID: 1'),
(13, 2, '2024-11-25 14:15:12', 1, 'User logged out'),
(14, 2, '2024-11-25 14:34:14', 1, 'User JpcTheDecoder initiated a \'Forgot Password\' request.'),
(15, NULL, '2024-11-25 14:34:49', 0, 'Failed \'Forgot Password\' attempt for username: uhigyj. Username not found.'),
(16, 2, '2024-11-25 14:34:51', 1, 'User JpcTheDecoder initiated a \'Forgot Password\' request.'),
(17, 2, '2024-11-25 14:35:00', 1, 'User root successfully answered the security questions.'),
(18, 2, '2024-11-25 14:35:08', 0, 'User root failed to answer the security questions.'),
(19, 2, '2024-11-25 14:36:00', 1, 'User root successfully answered the security questions.'),
(20, 2, '2024-11-25 14:36:07', 0, 'Password change attempt failed: passwords do not match.'),
(21, 2, '2024-11-25 14:36:18', 1, 'Password changed successfully.'),
(22, 8, '2024-11-25 14:36:25', 1, 'User root logged in successfully.'),
(23, 8, '2024-11-25 14:37:47', 1, 'User logged out'),
(24, 8, '2024-11-25 14:37:56', 1, 'User root logged in successfully.'),
(25, 8, '2024-11-25 14:39:12', 1, 'User root logged out'),
(26, NULL, '2024-11-25 14:39:17', 0, 'Failed login attempt for username: JpcTheDecoder. Incorrect password.'),
(27, NULL, '2024-11-25 14:39:24', 0, 'Failed login attempt for username: JpcTheDecoder. Incorrect password.'),
(28, NULL, '2024-11-25 14:39:29', 0, 'Failed login attempt for username: JpcTheDecoder. Incorrect password.'),
(29, 2, '2024-11-25 14:39:34', 1, 'User JpcTheDecoder logged in successfully.'),
(30, 2, '2024-11-25 14:39:35', 1, 'Dashboard data fetched for dashboard ID: 1'),
(31, 2, '2024-11-25 14:39:38', 1, 'User JpcTheDecoder logged out'),
(32, 8, '2024-11-25 14:39:44', 1, 'User root logged in successfully.'),
(33, 2, '2024-11-25 15:40:56', 1, 'User JpcTheDecoder logged in successfully.'),
(34, 2, '2024-11-25 15:40:56', 1, 'Dashboard data fetched for JpcTheDecoder. Dashboard ID: 1'),
(35, 2, '2024-11-25 15:43:23', 1, 'Dashboard data fetched for JpcTheDecoder. Dashboard ID: 1'),
(36, 2, '2024-11-25 15:44:10', 1, 'User JpcTheDecoder logged out'),
(37, 2, '2024-11-25 15:44:17', 1, 'User JpcTheDecoder logged in successfully.'),
(38, 2, '2024-11-25 15:44:18', 1, 'Dashboard data fetched for JpcTheDecoder. Dashboard ID: 1'),
(39, 2, '2024-11-25 15:44:27', 1, 'User JpcTheDecoder logged out'),
(40, 2, '2024-11-25 15:44:50', 1, 'User JpcTheDecoder logged in successfully.'),
(41, 2, '2024-11-25 15:44:51', 1, 'Dashboard data fetched for JpcTheDecoder. Dashboard ID: 1'),
(42, 2, '2024-11-25 15:45:05', 1, 'User JpcTheDecoder logged out'),
(43, NULL, '2024-11-25 15:45:27', 0, 'Failed login attempt for username: Isnnama. User does not exist.'),
(44, 2, '2024-11-25 15:45:29', 1, 'User JpcTheDecoder logged in successfully.'),
(45, 2, '2024-11-25 15:45:29', 1, 'Dashboard data fetched for JpcTheDecoder. Dashboard ID: 1'),
(46, 2, '2024-11-25 15:46:10', 1, 'User JpcTheDecoder logged out'),
(47, 2, '2024-11-25 15:46:25', 1, 'User JpcTheDecoder initiated a \'Forgot Password\' request.'),
(48, 2, '2024-11-25 15:47:12', 0, 'User root failed to answer the security questions.'),
(49, 2, '2024-11-25 15:49:22', 1, 'User JpcTheDecoder initiated a \'Forgot Password\' request.'),
(50, 2, '2024-11-25 15:49:35', 0, 'User JpcTheDecoder failed to answer the security questions.'),
(51, 2, '2024-11-25 15:49:52', 1, 'User JpcTheDecoder successfully answered the security questions.'),
(52, 2, '2024-11-25 15:50:12', 1, 'Password changed successfully.'),
(53, NULL, '2024-11-25 15:55:02', 0, 'Failed login attempt for username: JpcTheDecoder. Incorrect password.'),
(54, 2, '2024-11-25 15:55:14', 1, 'User JpcTheDecoder logged in successfully.'),
(55, 2, '2024-11-25 15:55:14', 1, 'Dashboard data fetched for JpcTheDecoder. Dashboard ID: 1'),
(56, 2, '2024-11-25 15:56:00', 1, 'User JpcTheDecoder logged out'),
(57, 2, '2024-11-25 16:01:21', 1, 'User JpcTheDecoder logged in successfully.'),
(58, 2, '2024-11-25 16:01:21', 1, 'Dashboard data fetched for JpcTheDecoder. Dashboard ID: 1'),
(59, 2, '2024-11-25 16:01:48', 1, 'Dashboard data fetched for JpcTheDecoder. Dashboard ID: 1'),
(60, 2, '2024-11-25 16:03:44', 1, 'Dashboard data fetched for JpcTheDecoder. Dashboard ID: 1'),
(61, 2, '2024-11-25 16:03:53', 1, 'User JpcTheDecoder logged out'),
(62, NULL, '2024-11-26 03:16:30', 0, 'Registration failed. Username: Stef or Email: steffanierelos@gmail.com already exists.'),
(63, 15, '2024-11-26 03:17:00', 1, 'User Stef registered successfully.'),
(64, NULL, '2024-11-26 03:18:14', 0, 'Registration failed. Username: Stef or Email: steffanierelos@gmail.com already exists.'),
(65, NULL, '2024-11-26 03:18:17', 0, 'Registration failed. Username: Stef or Email: steffanierelos@gmail.com already exists.'),
(66, 15, '2024-11-26 03:18:26', 1, 'User Stef logged in successfully.'),
(67, 15, '2024-11-26 03:22:17', 1, 'Default settings inserted successfully.'),
(68, NULL, '2024-11-26 03:22:17', 1, 'Default dashboard inserted successfully.'),
(69, 15, '2024-11-26 03:22:17', 1, 'User completed signup successfully.'),
(70, NULL, '2024-11-26 03:22:20', 0, 'User not authenticated'),
(71, 15, '2024-11-26 03:22:41', 1, 'Default settings inserted successfully.'),
(72, NULL, '2024-11-26 03:22:41', 1, 'Default dashboard inserted successfully.'),
(73, 15, '2024-11-26 03:22:41', 1, 'User completed signup successfully.'),
(74, NULL, '2024-11-26 03:22:41', 0, 'User not authenticated'),
(75, NULL, '2024-11-26 03:22:55', 0, 'User not authenticated'),
(76, 15, '2024-11-26 03:29:13', 1, 'User  logged out'),
(77, 15, '2024-11-26 03:29:23', 1, 'User Stef logged in successfully.'),
(78, 15, '2024-11-26 03:29:23', 1, 'Dashboard data fetched for Stef. Dashboard ID: 11'),
(79, 15, '2024-11-26 03:30:59', 1, 'Dashboard data fetched for Stef. Dashboard ID: 11'),
(80, 15, '2024-11-26 03:33:41', 1, 'User Stef logged out'),
(81, 15, '2024-11-26 03:34:23', 1, 'User Stef logged in successfully.'),
(82, 15, '2024-11-26 03:34:24', 1, 'Dashboard data fetched for Stef. Dashboard ID: 11'),
(83, 15, '2024-11-26 03:34:41', 1, 'User Stef logged out'),
(84, 16, '2024-11-26 05:29:21', 1, 'User Elise registered successfully.'),
(85, 16, '2024-11-26 05:29:43', 1, 'Default settings inserted successfully.'),
(86, NULL, '2024-11-26 05:29:43', 1, 'Default dashboard inserted successfully.'),
(87, 16, '2024-11-26 05:29:43', 1, 'User completed signup successfully.'),
(88, 16, '2024-11-26 05:30:18', 1, 'User Elise logged in successfully.'),
(89, 16, '2024-11-26 05:37:31', 1, 'User Elise logged out'),
(90, 17, '2024-11-26 05:38:04', 1, 'User Palero registered successfully.'),
(91, 17, '2024-11-26 05:38:17', 1, 'Default settings for  inserted successfully. Setting ID: 7'),
(92, NULL, '2024-11-26 05:38:17', 1, 'Default dashboard for user  inserted successfully. Dashboard ID: 13'),
(93, 17, '2024-11-26 05:38:17', 1, 'User  completed signup successfully.'),
(94, NULL, '2024-11-26 05:45:27', 0, 'Registration failed. Username: Elise or Email: lacubtanelisejane@gmail.com already exists.'),
(95, 18, '2024-11-26 05:46:28', 1, 'User Soph registered successfully.'),
(96, 18, '2024-11-26 05:46:44', 1, 'User  successfully completed security setup. Question ID: 15'),
(97, 18, '2024-11-26 05:46:44', 1, 'Default settings for  inserted successfully. Setting ID: 8'),
(98, 18, '2024-11-26 05:46:44', 1, 'User  successfully completed security setup. Question ID: 8'),
(99, NULL, '2024-11-26 05:46:44', 1, 'Default dashboard for user  inserted successfully. Dashboard ID: 14'),
(100, 18, '2024-11-26 05:46:44', 1, 'User  successfully completed security setup. Question ID: 14'),
(101, 18, '2024-11-26 05:46:44', 1, 'User  successfully completed security setup. Question ID: 1'),
(102, 18, '2024-11-26 05:50:15', 1, 'User  successfully completed security setup. Question ID: 16'),
(103, 18, '2024-11-26 05:50:15', 1, 'Default settings for  inserted successfully. Setting ID: 9'),
(104, 18, '2024-11-26 05:50:15', 1, 'User  successfully completed security setup. Question ID: 9'),
(105, NULL, '2024-11-26 05:50:15', 1, 'Default dashboard for user  inserted successfully. Dashboard ID: 15'),
(106, 18, '2024-11-26 05:50:15', 1, 'User  successfully completed security setup. Question ID: 15'),
(107, 18, '2024-11-26 05:50:15', 1, 'User  successfully completed security setup. Question ID: 1'),
(108, 19, '2024-11-26 05:59:06', 1, 'User Mel registered successfully.'),
(109, 19, '2024-11-26 05:59:22', 1, 'Security questions for user  inserted successfully. Question ID: 17'),
(110, 19, '2024-11-26 05:59:22', 1, 'Successfully inserted question_id with value 17 to User . '),
(111, 19, '2024-11-26 05:59:22', 1, 'Default settings for  inserted successfully. Setting ID: 10'),
(112, 19, '2024-11-26 05:59:22', 1, 'Successfully inserted settings_id with value 10 to User . '),
(113, 19, '2024-11-26 05:59:22', 1, 'Default dashboard for user  inserted successfully. Dashboard ID: 16'),
(114, 19, '2024-11-26 05:59:22', 1, 'Successfully inserted dashboard_id with value 16 to User . '),
(115, 19, '2024-11-26 05:59:22', 1, 'Successfully inserted is_login with value 1 to User . '),
(116, NULL, '2024-11-26 06:03:13', 0, 'Registration failed. Username: Stef or Email: stef@gmail.com already exists.'),
(117, 20, '2024-11-26 06:03:44', 1, 'User Kyle registered successfully.'),
(118, 20, '2024-11-26 06:04:05', 1, 'Security questions for user  inserted successfully. Question ID: 18'),
(119, 20, '2024-11-26 06:04:05', 1, 'Successfully inserted question_id with value 18 to User . '),
(120, 20, '2024-11-26 06:04:05', 1, 'Default settings for  inserted successfully. Setting ID: 11'),
(121, 20, '2024-11-26 06:04:05', 1, 'Successfully inserted settings_id with value 11 to User . '),
(122, 20, '2024-11-26 06:04:05', 1, 'Default dashboard for user  inserted successfully. Dashboard ID: 17'),
(123, 20, '2024-11-26 06:04:05', 1, 'Successfully inserted dashboard_id with value 17 to User . '),
(124, 20, '2024-11-26 06:04:05', 1, 'Successfully inserted is_login with value 1 to User . '),
(125, 8, '2024-11-26 06:07:05', 1, 'User root logged out'),
(126, 21, '2024-11-26 06:07:23', 1, 'User josotefok registered successfully.'),
(127, 21, '2024-11-26 06:07:26', 1, 'Security questions for user  inserted successfully. Question ID: 19'),
(128, 21, '2024-11-26 06:07:26', 1, 'Successfully inserted question_id with value 19 to User . '),
(129, 21, '2024-11-26 06:07:26', 1, 'Default settings for  inserted successfully. Setting ID: 12'),
(130, 21, '2024-11-26 06:07:26', 1, 'Successfully inserted settings_id with value 12 to User . '),
(131, 21, '2024-11-26 06:07:26', 1, 'Default dashboard for user  inserted successfully. Dashboard ID: 18'),
(132, 21, '2024-11-26 06:07:26', 1, 'Successfully inserted dashboard_id with value 18 to User . '),
(133, 21, '2024-11-26 06:07:26', 1, 'Successfully inserted is_login with value 1 to User . '),
(134, 21, '2024-11-26 06:09:32', 1, 'Security questions for user  inserted successfully. Question ID: 20'),
(135, 21, '2024-11-26 06:09:32', 1, 'Successfully inserted question_id with value 20 to User . '),
(136, 21, '2024-11-26 06:09:32', 1, 'Default settings for  inserted successfully. Setting ID: 13'),
(137, 21, '2024-11-26 06:09:32', 1, 'Successfully inserted settings_id with value 13 to User . '),
(138, 21, '2024-11-26 06:09:32', 1, 'Default dashboard for user  inserted successfully. Dashboard ID: 19'),
(139, 21, '2024-11-26 06:09:32', 1, 'Successfully inserted dashboard_id with value 19 to User . '),
(140, 21, '2024-11-26 06:09:32', 1, 'Successfully inserted is_login with value 1 to User . '),
(141, 21, '2024-11-26 06:10:03', 1, 'Security questions for user  inserted successfully. Question ID: 21'),
(142, 21, '2024-11-26 06:10:03', 1, 'Successfully inserted question_id with value 21 to User . '),
(143, 21, '2024-11-26 06:10:03', 1, 'Default settings for  inserted successfully. Setting ID: 14'),
(144, 21, '2024-11-26 06:10:03', 1, 'Successfully inserted settings_id with value 14 to User . '),
(145, 21, '2024-11-26 06:10:03', 1, 'Default dashboard for user  inserted successfully. Dashboard ID: 20'),
(146, 21, '2024-11-26 06:10:03', 1, 'Successfully inserted dashboard_id with value 20 to User . '),
(147, 21, '2024-11-26 06:10:03', 1, 'Successfully inserted is_login with value 1 to User . '),
(148, 21, '2024-11-26 06:10:08', 1, 'Security questions for user  inserted successfully. Question ID: 22'),
(149, 21, '2024-11-26 06:10:08', 1, 'Successfully inserted question_id with value 22 to User . '),
(150, 21, '2024-11-26 06:10:08', 1, 'Default settings for  inserted successfully. Setting ID: 15'),
(151, 21, '2024-11-26 06:10:08', 1, 'Successfully inserted settings_id with value 15 to User . '),
(152, 21, '2024-11-26 06:10:08', 1, 'Default dashboard for user  inserted successfully. Dashboard ID: 21'),
(153, 21, '2024-11-26 06:10:08', 1, 'Successfully inserted dashboard_id with value 21 to User . '),
(154, 21, '2024-11-26 06:10:08', 1, 'Successfully inserted is_login with value 1 to User . '),
(155, 21, '2024-11-26 06:10:16', 1, 'Security questions for user  inserted successfully. Question ID: 23'),
(156, 21, '2024-11-26 06:10:16', 1, 'Successfully inserted question_id with value 23 to User . '),
(157, 21, '2024-11-26 06:10:16', 1, 'Default settings for  inserted successfully. Setting ID: 16'),
(158, 21, '2024-11-26 06:10:16', 1, 'Successfully inserted settings_id with value 16 to User . '),
(159, 21, '2024-11-26 06:10:16', 1, 'Default dashboard for user  inserted successfully. Dashboard ID: 22'),
(160, 21, '2024-11-26 06:10:16', 1, 'Successfully inserted dashboard_id with value 22 to User . '),
(161, 21, '2024-11-26 06:10:16', 1, 'Successfully inserted is_login with value 1 to User . '),
(162, 21, '2024-11-26 06:10:20', 1, 'Security questions for user  inserted successfully. Question ID: 24'),
(163, 21, '2024-11-26 06:10:20', 1, 'Successfully inserted question_id with value 24 to User . '),
(164, 21, '2024-11-26 06:10:20', 1, 'Default settings for  inserted successfully. Setting ID: 17'),
(165, 21, '2024-11-26 06:10:20', 1, 'Successfully inserted settings_id with value 17 to User . '),
(166, 21, '2024-11-26 06:10:20', 1, 'Default dashboard for user  inserted successfully. Dashboard ID: 23'),
(167, 21, '2024-11-26 06:10:20', 1, 'Successfully inserted dashboard_id with value 23 to User . '),
(168, 21, '2024-11-26 06:10:20', 1, 'Successfully inserted is_login with value 1 to User . '),
(169, 21, '2024-11-26 06:10:20', 1, 'Security questions for user  inserted successfully. Question ID: 25'),
(170, 21, '2024-11-26 06:10:20', 1, 'Successfully inserted question_id with value 25 to User . '),
(171, 21, '2024-11-26 06:10:20', 1, 'Default settings for  inserted successfully. Setting ID: 18'),
(172, 21, '2024-11-26 06:10:20', 1, 'Successfully inserted settings_id with value 18 to User . '),
(173, 21, '2024-11-26 06:10:20', 1, 'Default dashboard for user  inserted successfully. Dashboard ID: 24'),
(174, 21, '2024-11-26 06:10:20', 1, 'Successfully inserted dashboard_id with value 24 to User . '),
(175, 21, '2024-11-26 06:10:20', 1, 'Successfully inserted is_login with value 1 to User . '),
(176, 21, '2024-11-26 06:10:21', 1, 'Security questions for user  inserted successfully. Question ID: 26'),
(177, 21, '2024-11-26 06:10:21', 1, 'Successfully inserted question_id with value 26 to User . '),
(178, 21, '2024-11-26 06:10:21', 1, 'Default settings for  inserted successfully. Setting ID: 19'),
(179, 21, '2024-11-26 06:10:21', 1, 'Successfully inserted settings_id with value 19 to User . '),
(180, 21, '2024-11-26 06:10:21', 1, 'Default dashboard for user  inserted successfully. Dashboard ID: 25'),
(181, 21, '2024-11-26 06:10:21', 1, 'Successfully inserted dashboard_id with value 25 to User . '),
(182, 21, '2024-11-26 06:10:21', 1, 'Successfully inserted is_login with value 1 to User . '),
(183, NULL, '2024-11-26 06:10:43', 0, 'Registration failed. Username: josotefok or Email: raxuw@mailinator.com already exists.'),
(184, 22, '2024-11-26 06:14:16', 1, 'User Nollan registered successfully.'),
(185, 22, '2024-11-26 06:14:34', 1, 'Security questions for user Nollan inserted successfully. Question ID: 27'),
(186, 22, '2024-11-26 06:14:34', 1, 'Successfully inserted question_id with value 27 to User Nollan. '),
(187, 22, '2024-11-26 06:14:34', 1, 'Default settings for Nollan inserted successfully. Setting ID: 20'),
(188, 22, '2024-11-26 06:14:34', 1, 'Successfully inserted settings_id with value 20 to User Nollan. '),
(189, 22, '2024-11-26 06:14:34', 1, 'Default dashboard for user Nollan inserted successfully. Dashboard ID: 26'),
(190, 22, '2024-11-26 06:14:34', 1, 'Successfully inserted dashboard_id with value 26 to User Nollan. '),
(191, 22, '2024-11-26 06:14:34', 1, 'Successfully inserted is_login with value 1 to User Nollan. '),
(192, 21, '2024-11-26 06:25:31', 1, 'User  logged out'),
(193, 8, '2024-11-26 06:25:38', 1, 'User root logged in successfully.'),
(194, 16, '2024-11-26 06:25:48', 1, 'User Elise logged in successfully.'),
(195, 16, '2024-11-26 06:25:55', 1, 'User Elise logged out'),
(196, 23, '2024-11-26 06:26:26', 1, 'User Jayr registered successfully.'),
(197, 23, '2024-11-26 06:26:41', 1, 'Security questions for user Jayr inserted successfully. Question ID: 28'),
(198, 23, '2024-11-26 06:26:41', 1, 'Successfully updated question_id with value 28 for user Jayr.'),
(199, 23, '2024-11-26 06:26:41', 1, 'Default settings for Jayr inserted successfully. Setting ID: 21'),
(200, 23, '2024-11-26 06:26:41', 1, 'Successfully updated settings_id with value 21 for user Jayr.'),
(201, 23, '2024-11-26 06:26:41', 1, 'Default dashboard for user Jayr inserted successfully. Dashboard ID: 27'),
(202, 23, '2024-11-26 06:26:41', 1, 'Successfully updated dashboard_id with value 27 for user Jayr.'),
(203, 24, '2024-11-26 06:29:24', 1, 'User kdijhusi registered successfully.'),
(204, 24, '2024-11-26 06:29:39', 1, 'Security questions for user kdijhusi inserted successfully. Question ID: 29'),
(205, 24, '2024-11-26 06:29:39', 1, 'Successfully updated question_id with value 29 for user kdijhusi.'),
(206, 24, '2024-11-26 06:29:39', 1, 'Default settings for kdijhusi inserted successfully. Setting ID: 22'),
(207, 24, '2024-11-26 06:29:39', 1, 'Successfully updated settings_id with value 22 for user kdijhusi.'),
(208, 24, '2024-11-26 06:29:39', 1, 'Default dashboard for user kdijhusi inserted successfully. Dashboard ID: 28'),
(209, 24, '2024-11-26 06:29:39', 1, 'Successfully updated dashboard_id with value 28 for user kdijhusi.'),
(210, 24, '2024-11-26 06:34:37', 1, 'Security questions for user kdijhusi inserted successfully. Question ID: 30'),
(211, 24, '2024-11-26 06:34:37', 1, 'Successfully updated question_id with value 30 for user kdijhusi.'),
(212, 24, '2024-11-26 06:34:37', 1, 'Default settings for kdijhusi inserted successfully. Setting ID: 23'),
(213, 24, '2024-11-26 06:34:37', 1, 'Successfully updated settings_id with value 23 for user kdijhusi.'),
(214, 24, '2024-11-26 06:34:37', 1, 'Default dashboard for user kdijhusi inserted successfully. Dashboard ID: 29'),
(215, 24, '2024-11-26 06:34:37', 1, 'Successfully updated dashboard_id with value 29 for user kdijhusi.'),
(216, 24, '2024-11-26 06:35:47', 1, 'Security questions for user kdijhusi inserted successfully. Question ID: 31'),
(217, 24, '2024-11-26 06:35:47', 1, 'Successfully updated question_id with value 31 for user kdijhusi.'),
(218, 24, '2024-11-26 06:35:47', 1, 'Default settings for kdijhusi inserted successfully. Setting ID: 24'),
(219, 24, '2024-11-26 06:35:47', 1, 'Successfully updated settings_id with value 24 for user kdijhusi.'),
(220, 24, '2024-11-26 06:35:47', 1, 'Default dashboard for user kdijhusi inserted successfully. Dashboard ID: 30'),
(221, 24, '2024-11-26 06:35:47', 1, 'Successfully updated dashboard_id with value 30 for user kdijhusi.'),
(222, 24, '2024-11-26 06:38:32', 1, 'Security questions for user kdijhusi inserted successfully. Question ID: 32'),
(223, 24, '2024-11-26 06:38:32', 1, 'Successfully updated question_id with value 32 for user kdijhusi.'),
(224, 24, '2024-11-26 06:38:32', 1, 'Default settings for kdijhusi inserted successfully. Setting ID: 25'),
(225, 24, '2024-11-26 06:38:32', 1, 'Successfully updated settings_id with value 25 for user kdijhusi.'),
(226, 24, '2024-11-26 06:38:32', 1, 'Default dashboard for user kdijhusi inserted successfully. Dashboard ID: 31'),
(227, 24, '2024-11-26 06:38:32', 1, 'Successfully updated dashboard_id with value 31 for user kdijhusi.'),
(228, 24, '2024-11-26 06:39:29', 1, 'Security questions for user kdijhusi inserted successfully. Question ID: 33'),
(229, 24, '2024-11-26 06:39:29', 1, 'Successfully updated question_id with value 33 for user kdijhusi.'),
(230, 24, '2024-11-26 06:39:29', 1, 'Default settings for kdijhusi inserted successfully. Setting ID: 26'),
(231, 24, '2024-11-26 06:39:29', 1, 'Successfully updated settings_id with value 26 for user kdijhusi.'),
(232, 24, '2024-11-26 06:39:29', 1, 'Default dashboard for user kdijhusi inserted successfully. Dashboard ID: 32'),
(233, 24, '2024-11-26 06:39:29', 1, 'Successfully updated dashboard_id with value 32 for user kdijhusi.'),
(234, 24, '2024-11-26 06:44:05', 1, 'Security questions for user kdijhusi inserted successfully. Question ID: 34'),
(235, 24, '2024-11-26 06:44:05', 1, 'Successfully updated question_id with value 34 for user kdijhusi.'),
(236, 24, '2024-11-26 06:44:05', 1, 'Default settings for kdijhusi inserted successfully. Setting ID: 27'),
(237, 24, '2024-11-26 06:44:05', 1, 'Successfully updated settings_id with value 27 for user kdijhusi.'),
(238, 24, '2024-11-26 06:44:05', 1, 'Default dashboard for user kdijhusi inserted successfully. Dashboard ID: 33'),
(239, 24, '2024-11-26 06:44:05', 1, 'Successfully updated dashboard_id with value 33 for user kdijhusi.'),
(240, 24, '2024-11-26 06:44:30', 1, 'Security questions for user kdijhusi inserted successfully. Question ID: 35'),
(241, 24, '2024-11-26 06:44:30', 1, 'Successfully updated question_id with value 35 for user kdijhusi.'),
(242, 24, '2024-11-26 06:44:30', 1, 'Default settings for kdijhusi inserted successfully. Setting ID: 28'),
(243, 24, '2024-11-26 06:44:30', 1, 'Successfully updated settings_id with value 28 for user kdijhusi.'),
(244, 24, '2024-11-26 06:44:30', 1, 'Default dashboard for user kdijhusi inserted successfully. Dashboard ID: 34'),
(245, 24, '2024-11-26 06:44:30', 1, 'Successfully updated dashboard_id with value 34 for user kdijhusi.'),
(246, 24, '2024-11-26 06:45:58', 1, 'Security questions for user kdijhusi inserted successfully. Question ID: 36'),
(247, 24, '2024-11-26 06:45:58', 1, 'Successfully updated question_id with value 36 for user kdijhusi.'),
(248, 24, '2024-11-26 06:45:58', 1, 'Default settings for kdijhusi inserted successfully. Setting ID: 29'),
(249, 24, '2024-11-26 06:45:58', 1, 'Successfully updated settings_id with value 29 for user kdijhusi.'),
(250, 24, '2024-11-26 06:45:58', 1, 'Default dashboard for user kdijhusi inserted successfully. Dashboard ID: 35'),
(251, 24, '2024-11-26 06:45:58', 1, 'Successfully updated dashboard_id with value 35 for user kdijhusi.'),
(252, 24, '2024-11-26 06:45:58', 1, 'User kdijhusi info fetched successfully.'),
(253, 24, '2024-11-26 06:46:10', 1, 'User kdijhusi logged out'),
(254, 8, '2024-11-26 06:46:27', 1, 'User root logged out'),
(255, 25, '2024-11-26 06:47:03', 1, 'User henowiqa registered successfully.'),
(256, 25, '2024-11-26 06:47:05', 1, 'Security questions for user henowiqa inserted successfully. Question ID: 37'),
(257, 25, '2024-11-26 06:47:05', 1, 'Successfully updated question_id with value 37 for user henowiqa.'),
(258, 25, '2024-11-26 06:47:05', 1, 'Default settings for henowiqa inserted successfully. Setting ID: 30'),
(259, 25, '2024-11-26 06:47:05', 1, 'Successfully updated settings_id with value 30 for user henowiqa.'),
(260, 25, '2024-11-26 06:47:05', 1, 'Default dashboard for user henowiqa inserted successfully. Dashboard ID: 36'),
(261, 25, '2024-11-26 06:47:05', 1, 'Successfully updated dashboard_id with value 36 for user henowiqa.'),
(262, 25, '2024-11-26 06:47:05', 1, 'User henowiqa info fetched successfully.'),
(263, 25, '2024-11-26 06:47:09', 1, 'User henowiqa logged out'),
(264, 25, '2024-11-26 06:47:13', 1, 'User henowiqa logged in successfully.'),
(265, 25, '2024-11-26 06:47:16', 1, 'User henowiqa logged out'),
(266, 8, '2024-11-26 06:47:27', 1, 'User root logged in successfully.'),
(267, 2, '2024-11-26 07:13:34', 1, 'User JpcTheDecoder logged in successfully.'),
(268, 2, '2024-11-26 07:15:26', 1, 'Dashboard data fetched for JpcTheDecoder. Dashboard ID: 1'),
(269, 2, '2024-11-26 07:20:09', 1, 'Deposit added successfully for JpcTheDecoder. Deposit ID: 27'),
(270, 2, '2024-11-26 07:20:09', 1, 'Deposit details fetched successfully for JpcTheDecoder. Deposit ID: 27'),
(271, 2, '2024-11-26 07:24:55', 1, 'Deposit added successfully for JpcTheDecoder. Deposit ID: 28'),
(272, 2, '2024-11-26 07:24:55', 1, 'Deposit details fetched successfully for JpcTheDecoder. Deposit ID: 28'),
(273, 2, '2024-11-26 07:29:07', 1, 'Dashboard data fetched for JpcTheDecoder. Dashboard ID: 1'),
(274, 2, '2024-11-26 07:29:14', 1, 'User JpcTheDecoder logged out'),
(275, 2, '2024-11-26 07:30:23', 1, 'User JpcTheDecoder logged in successfully.'),
(276, 2, '2024-11-26 07:30:23', 1, 'Dashboard data fetched for JpcTheDecoder. Dashboard ID: 1'),
(277, 2, '2024-11-26 07:30:33', 1, 'Dashboard data fetched for JpcTheDecoder. Dashboard ID: 1'),
(278, 2, '2024-11-26 07:31:36', 1, 'Deposit added successfully for JpcTheDecoder. Deposit ID: 29'),
(279, 2, '2024-11-26 07:31:36', 1, 'Deposit details fetched successfully for JpcTheDecoder. Deposit ID: 29'),
(280, 2, '2024-11-26 07:32:14', 1, 'Deposit added successfully for JpcTheDecoder. Deposit ID: 30'),
(281, 2, '2024-11-26 07:32:14', 1, 'Deposit details fetched successfully for JpcTheDecoder. Deposit ID: 30'),
(282, 2, '2024-11-26 07:35:05', 1, 'Deposit added successfully for JpcTheDecoder. Deposit ID: 31'),
(283, 2, '2024-11-26 07:35:05', 1, 'Deposit details fetched successfully for JpcTheDecoder. Deposit ID: 31'),
(284, 2, '2024-11-26 07:36:27', 1, 'User JpcTheDecoder logged in successfully.'),
(285, 2, '2024-11-26 07:36:27', 1, 'Dashboard data fetched for JpcTheDecoder. Dashboard ID: 1'),
(286, 2, '2024-11-26 07:36:54', 1, 'Deposit added successfully for JpcTheDecoder. Deposit ID: 32'),
(287, 2, '2024-11-26 07:36:54', 1, 'Deposit details fetched successfully for JpcTheDecoder. Deposit ID: 32'),
(288, 8, '2024-11-26 07:39:45', 1, 'User root logged out'),
(289, 2, '2024-11-26 07:40:02', 1, 'User JpcTheDecoder logged out'),
(290, 2, '2024-11-26 07:40:26', 1, 'User JpcTheDecoder logged in successfully.'),
(291, 2, '2024-11-26 07:40:26', 1, 'Dashboard data fetched for JpcTheDecoder. Dashboard ID: 1'),
(292, 2, '2024-11-26 07:40:51', 1, 'Deposit added successfully for JpcTheDecoder. Deposit ID: 33'),
(293, 2, '2024-11-26 07:40:51', 1, 'Deposit details fetched successfully for JpcTheDecoder. Deposit ID: 33'),
(294, 2, '2024-11-26 07:41:01', 1, 'Dashboard data fetched for JpcTheDecoder. Dashboard ID: 1'),
(295, 2, '2024-11-26 07:41:19', 1, 'Deposit added successfully for JpcTheDecoder. Deposit ID: 34'),
(296, 2, '2024-11-26 07:41:19', 1, 'Deposit details fetched successfully for JpcTheDecoder. Deposit ID: 34'),
(297, 2, '2024-11-26 07:46:20', 1, 'Deposit added successfully for JpcTheDecoder. Deposit ID: 35'),
(298, 2, '2024-11-26 07:46:20', 1, 'Deposit details fetched successfully for JpcTheDecoder. Deposit ID: 35'),
(299, 2, '2024-11-26 07:47:31', 1, 'Deposit added successfully for JpcTheDecoder. Deposit ID: 36'),
(300, 2, '2024-11-26 07:47:31', 1, 'Deposit details fetched successfully for JpcTheDecoder. Deposit ID: 36'),
(301, 2, '2024-11-26 07:48:28', 1, 'Deposit added successfully for JpcTheDecoder. Deposit ID: 37'),
(302, 2, '2024-11-26 07:48:28', 1, 'Deposit details fetched successfully for JpcTheDecoder. Deposit ID: 37'),
(303, 2, '2024-11-26 07:49:03', 1, 'Deposit added successfully for JpcTheDecoder. Deposit ID: 38'),
(304, 2, '2024-11-26 07:49:03', 1, 'Deposit details fetched successfully for JpcTheDecoder. Deposit ID: 38'),
(305, 2, '2024-11-26 07:49:08', 1, 'Dashboard data fetched for JpcTheDecoder. Dashboard ID: 1'),
(306, 2, '2024-11-26 07:49:19', 1, 'Dashboard data fetched for JpcTheDecoder. Dashboard ID: 1'),
(307, 8, '2024-11-26 07:52:27', 1, 'User root logged in successfully.'),
(308, 2, '2024-11-26 08:00:28', 1, 'Deposit deleted successfully for JpcTheDecoder. Deposit ID 29'),
(309, 2, '2024-11-26 08:08:45', 1, 'Deposit record updated successfully for JpcTheDecoder. Deposit ID: 32 '),
(310, 2, '2024-11-26 08:08:45', 1, 'Updated deposit data retrieved successfully for JpcTheDecoder. Deposit ID: 32.'),
(311, 2, '2024-11-26 08:12:25', 1, 'Fetched deposits successfully.'),
(312, 2, '2024-11-26 08:12:25', 1, 'Fetched distinct categories successfully.'),
(313, 2, '2024-11-26 08:12:25', 1, 'Fetched distinct years successfully.'),
(314, 2, '2024-11-26 08:13:49', 1, 'Fetched deposits successfully for JpcTheDecoder.'),
(315, 2, '2024-11-26 08:13:49', 1, 'Fetched distinct categories successfully for JpcTheDecoder.'),
(316, 2, '2024-11-26 08:13:49', 1, 'Fetched distinct years successfully for JpcTheDecoder.'),
(317, 2, '2024-11-26 08:13:56', 1, 'Fetched deposits successfully for JpcTheDecoder.'),
(318, 2, '2024-11-26 08:13:56', 1, 'Fetched distinct categories successfully for JpcTheDecoder.'),
(319, 2, '2024-11-26 08:13:56', 1, 'Fetched distinct years successfully for JpcTheDecoder.'),
(320, 2, '2024-11-26 08:14:19', 1, 'Deposit added successfully for JpcTheDecoder. Deposit ID: 39'),
(321, 2, '2024-11-26 08:14:19', 1, 'Deposit details fetched successfully for JpcTheDecoder. Deposit ID: 39'),
(322, 2, '2024-11-26 08:14:27', 1, 'Deposit deleted successfully for JpcTheDecoder. Deposit ID 39'),
(323, 2, '2024-11-26 08:15:15', 1, 'Deposit record updated successfully for JpcTheDecoder. Deposit ID: 32 '),
(324, 2, '2024-11-26 08:15:15', 1, 'Updated deposit data retrieved successfully for JpcTheDecoder. Deposit ID: 32.'),
(325, 2, '2024-11-26 08:18:25', 1, 'Dashboard data fetched for JpcTheDecoder. Dashboard ID: 1'),
(326, 2, '2024-11-26 08:18:28', 1, 'User JpcTheDecoder logged out'),
(327, 2, '2024-11-26 08:18:43', 1, 'User JpcTheDecoder logged in successfully.'),
(328, 2, '2024-11-26 08:18:43', 1, 'Dashboard data fetched for JpcTheDecoder. Dashboard ID: 1'),
(329, 2, '2024-11-26 08:21:51', 1, 'Fetched deposits successfully for JpcTheDecoder.'),
(330, 2, '2024-11-26 08:21:51', 1, 'Fetched distinct categories successfully for JpcTheDecoder.'),
(331, 2, '2024-11-26 08:21:51', 1, 'Fetched distinct years successfully for JpcTheDecoder.'),
(332, 2, '2024-11-26 08:22:57', 1, 'Fetched deposits successfully for JpcTheDecoder.'),
(333, 2, '2024-11-26 08:22:57', 1, 'Fetched distinct categories successfully for JpcTheDecoder.'),
(334, 2, '2024-11-26 08:22:57', 1, 'Fetched distinct years successfully for JpcTheDecoder.'),
(335, 2, '2024-11-26 08:23:19', 1, 'User JpcTheDecoder logged out'),
(336, 8, '2024-11-26 08:23:24', 1, 'User root logged in successfully.'),
(337, 8, '2024-11-26 08:34:27', 1, 'User root logged out'),
(338, 2, '2024-11-26 08:34:43', 1, 'User JpcTheDecoder logged in successfully.'),
(339, 2, '2024-11-26 08:34:43', 1, 'Dashboard data fetched for JpcTheDecoder. Dashboard ID: 1'),
(340, 2, '2024-11-26 08:34:57', 1, 'Fetched deposits successfully for JpcTheDecoder.'),
(341, 2, '2024-11-26 08:34:57', 1, 'Fetched distinct categories successfully for JpcTheDecoder.'),
(342, 2, '2024-11-26 08:34:57', 1, 'Fetched distinct years successfully for JpcTheDecoder.'),
(343, 2, '2024-11-26 08:36:29', 1, 'Fetched deposits successfully for JpcTheDecoder.'),
(344, 2, '2024-11-26 08:36:29', 1, 'Fetched distinct categories successfully for JpcTheDecoder.'),
(345, 2, '2024-11-26 08:36:29', 1, 'Fetched distinct years successfully for JpcTheDecoder.'),
(346, 2, '2024-11-26 08:36:55', 1, 'Fetched deposits successfully for JpcTheDecoder.'),
(347, 2, '2024-11-26 08:36:55', 1, 'Fetched distinct categories successfully for JpcTheDecoder.'),
(348, 2, '2024-11-26 08:36:55', 1, 'Fetched distinct years successfully for JpcTheDecoder.'),
(349, 2, '2024-11-26 08:38:35', 1, 'Fetched deposits successfully for JpcTheDecoder.'),
(350, 2, '2024-11-26 08:38:35', 1, 'Fetched distinct categories successfully for JpcTheDecoder.'),
(351, 2, '2024-11-26 08:38:35', 1, 'Fetched distinct years successfully for JpcTheDecoder.'),
(352, 2, '2024-11-26 11:42:32', 1, 'Fetched deposits successfully for JpcTheDecoder.'),
(353, 2, '2024-11-26 11:42:32', 1, 'Fetched distinct categories for filters successfully for JpcTheDecoder.'),
(354, 2, '2024-11-26 11:42:32', 1, 'Fetched distinct years for filters successfully for JpcTheDecoder.'),
(355, 2, '2024-11-26 11:47:18', 1, 'Fetched deposits successfully for JpcTheDecoder.'),
(356, 2, '2024-11-26 11:47:18', 1, 'Fetched distinct categories for filters successfully for JpcTheDecoder.'),
(357, 2, '2024-11-26 11:47:18', 1, 'Fetched distinct years for filters successfully for JpcTheDecoder.'),
(358, 2, '2024-11-26 11:47:37', 1, 'Deposit record updated successfully for JpcTheDecoder. Deposit ID: 32 '),
(359, 2, '2024-11-26 11:47:37', 1, 'Updated deposit data retrieved successfully for JpcTheDecoder. Deposit ID: 32.'),
(360, NULL, '2024-11-26 11:47:37', 1, 'Expense total retrieved successfully for JpcTheDecoder. Dashboard ID: 1'),
(361, 2, '2024-11-26 11:47:37', 1, 'Fetched deposits successfully for JpcTheDecoder.'),
(362, 2, '2024-11-26 11:47:37', 1, 'Fetched distinct categories for filters successfully for JpcTheDecoder.'),
(363, 2, '2024-11-26 11:47:37', 1, 'Fetched distinct years for filters successfully for JpcTheDecoder.'),
(364, 2, '2024-11-26 11:52:17', 1, 'Fetched deposits successfully for JpcTheDecoder.'),
(365, 2, '2024-11-26 11:52:17', 1, 'Fetched distinct categories for filters successfully for JpcTheDecoder.'),
(366, 2, '2024-11-26 11:52:17', 1, 'Fetched distinct years for filters successfully for JpcTheDecoder.'),
(367, 2, '2024-11-26 11:53:07', 1, 'Deposit record updated successfully for JpcTheDecoder. Deposit ID: 38 '),
(368, 2, '2024-11-26 11:53:07', 1, 'Updated deposit data retrieved successfully for JpcTheDecoder. Deposit ID: 38.'),
(369, NULL, '2024-11-26 11:53:07', 1, 'Expense total retrieved successfully for JpcTheDecoder. Dashboard ID: 1'),
(370, 2, '2024-11-26 11:53:07', 1, 'Dashboard updated successfully for JpcTheDecoder. Dashboard ID: 1'),
(371, 2, '2024-11-26 11:53:20', 1, 'Dashboard data fetched for JpcTheDecoder. Dashboard ID: 1'),
(372, 2, '2024-11-26 11:53:56', 1, 'Fetched deposits successfully for JpcTheDecoder.'),
(373, 2, '2024-11-26 11:53:56', 1, 'Fetched distinct categories for filters successfully for JpcTheDecoder.'),
(374, 2, '2024-11-26 11:53:56', 1, 'Fetched distinct years for filters successfully for JpcTheDecoder.'),
(375, 2, '2024-11-26 12:01:36', 1, 'Fetched deposits successfully for JpcTheDecoder.'),
(376, 2, '2024-11-26 12:01:36', 1, 'Fetched distinct categories for filters successfully for JpcTheDecoder.'),
(377, 2, '2024-11-26 12:01:36', 1, 'Fetched distinct years for filters successfully for JpcTheDecoder.'),
(378, 2, '2024-11-26 12:05:31', 1, 'Expense added successfully for JpcTheDecoder. Expense ID: 28'),
(379, 2, '2024-11-26 12:05:31', 1, 'Expense details fetched successfully for JpcTheDecoder. Expense ID: 28'),
(380, 2, '2024-11-26 12:06:24', 1, 'Expense added successfully for JpcTheDecoder. Expense ID: 29'),
(381, 2, '2024-11-26 12:06:24', 1, 'Expense details fetched successfully for JpcTheDecoder. Expense ID: 29'),
(382, 2, '2024-11-26 12:11:28', 1, 'Expense deleted successfully for JpcTheDecoder. Expense ID 11'),
(383, 2, '2024-11-26 12:46:30', 1, 'Expense record updated successfully for JpcTheDecoder. Expense ID: 28 '),
(384, 2, '2024-11-26 12:46:30', 1, 'Updated expense data retrieved successfully for JpcTheDecoder. Expense ID: 28.'),
(385, 2, '2024-11-26 12:58:41', 1, 'Fetched expenses successfully for JpcTheDecoder.'),
(386, 2, '2024-11-26 12:58:41', 1, 'Fetched distinct categories for filters successfully for JpcTheDecoder.'),
(387, 2, '2024-11-26 12:58:41', 1, 'Fetched distinct years for filters successfully for JpcTheDecoder.'),
(388, 2, '2024-11-26 13:04:29', 1, 'Fetched expenses successfully for JpcTheDecoder.'),
(389, 2, '2024-11-26 13:04:29', 1, 'Fetched distinct categories for filters successfully for JpcTheDecoder.'),
(390, 2, '2024-11-26 13:04:29', 1, 'Fetched distinct years for filters successfully for JpcTheDecoder.'),
(391, 2, '2024-11-26 13:04:32', 1, 'Fetched expenses successfully for JpcTheDecoder.'),
(392, 2, '2024-11-26 13:04:32', 1, 'Fetched distinct categories for filters successfully for JpcTheDecoder.'),
(393, 2, '2024-11-26 13:04:32', 1, 'Fetched distinct years for filters successfully for JpcTheDecoder.'),
(394, 2, '2024-11-26 13:07:11', 1, 'Fetched expenses successfully for JpcTheDecoder.'),
(395, 2, '2024-11-26 13:07:11', 1, 'Fetched distinct categories for filters successfully for JpcTheDecoder.'),
(396, 2, '2024-11-26 13:07:11', 1, 'Fetched distinct years for filters successfully for JpcTheDecoder.'),
(397, 2, '2024-11-26 13:22:50', 1, 'Fetched expenses successfully for JpcTheDecoder.'),
(398, 2, '2024-11-26 13:22:50', 1, 'Fetched distinct categories for filters successfully for JpcTheDecoder.'),
(399, 2, '2024-11-26 13:22:50', 1, 'Fetched distinct years for filters successfully for JpcTheDecoder.'),
(400, 2, '2024-11-26 13:23:14', 1, 'Fetched expenses successfully for JpcTheDecoder.'),
(401, 2, '2024-11-26 13:23:14', 1, 'Fetched distinct categories for filters successfully for JpcTheDecoder.'),
(402, 2, '2024-11-26 13:23:14', 1, 'Fetched distinct years for filters successfully for JpcTheDecoder.'),
(403, 2, '2024-11-26 13:23:27', 1, 'Expense record updated successfully for JpcTheDecoder. Expense ID: 28 '),
(404, 2, '2024-11-26 13:23:27', 1, 'Updated expense data retrieved successfully for JpcTheDecoder. Expense ID: 28.'),
(405, 2, '2024-11-26 13:23:27', 1, 'Deposit total retrieved successfully for JpcTheDecoder. Dashboard ID: 1'),
(406, 2, '2024-11-26 13:27:57', 1, 'Fetched expenses successfully for JpcTheDecoder.'),
(407, 2, '2024-11-26 13:27:57', 1, 'Fetched distinct categories for filters successfully for JpcTheDecoder.'),
(408, 2, '2024-11-26 13:27:57', 1, 'Fetched distinct years for filters successfully for JpcTheDecoder.'),
(409, 2, '2024-11-26 13:28:10', 1, 'Expense record updated successfully for JpcTheDecoder. Expense ID: 10 '),
(410, 2, '2024-11-26 13:28:10', 1, 'Updated expense data retrieved successfully for JpcTheDecoder. Expense ID: 10.'),
(411, 2, '2024-11-26 13:28:10', 1, 'Deposit total retrieved successfully for JpcTheDecoder. Dashboard ID: 1'),
(412, 2, '2024-11-26 13:28:10', 1, 'Dashboard updated successfully for JpcTheDecoder. Dashboard ID: 1'),
(413, 2, '2024-11-26 13:30:32', 1, 'Fetched expenses successfully for JpcTheDecoder.'),
(414, 2, '2024-11-26 13:30:32', 1, 'Fetched distinct categories for filters successfully for JpcTheDecoder.'),
(415, 2, '2024-11-26 13:30:32', 1, 'Fetched distinct years for filters successfully for JpcTheDecoder.'),
(416, 2, '2024-11-26 13:32:10', 1, 'Fetched expenses successfully for JpcTheDecoder.'),
(417, 2, '2024-11-26 13:32:10', 1, 'Fetched distinct categories for filters successfully for JpcTheDecoder.'),
(418, 2, '2024-11-26 13:32:10', 1, 'Fetched distinct years for filters successfully for JpcTheDecoder.'),
(419, 2, '2024-11-26 13:32:18', 1, 'Fetched deposits for report table successfully for JpcTheDecoder.'),
(420, 2, '2024-11-26 13:32:18', 1, 'Fetched distinct categories for report filters successfully for JpcTheDecoder.'),
(421, 2, '2024-11-26 13:32:18', 1, 'Fetched distinct years for report filters successfully for JpcTheDecoder.'),
(422, 2, '2024-11-26 13:32:18', 1, 'Fetched expenses for report table successfully for JpcTheDecoder.'),
(423, 2, '2024-11-26 13:32:18', 1, 'Fetched distinct categories for report filters successfully for JpcTheDecoder.'),
(424, 2, '2024-11-26 13:32:18', 1, 'Fetched distinct years for report filters successfully for JpcTheDecoder.'),
(425, 2, '2024-11-26 13:33:34', 1, 'Fetched deposits for report table successfully for JpcTheDecoder.'),
(426, 2, '2024-11-26 13:33:34', 1, 'Fetched distinct categories for report filters successfully for JpcTheDecoder.'),
(427, 2, '2024-11-26 13:33:34', 1, 'Fetched distinct years for report filters successfully for JpcTheDecoder.'),
(428, 2, '2024-11-26 13:33:34', 1, 'Fetched expenses for report table successfully for JpcTheDecoder.'),
(429, 2, '2024-11-26 13:33:34', 1, 'Fetched distinct categories for report filters successfully for JpcTheDecoder.'),
(430, 2, '2024-11-26 13:33:34', 1, 'Fetched distinct years for report filters successfully for JpcTheDecoder.'),
(431, 2, '2024-11-26 13:34:00', 1, 'Fetched expenses for report table successfully for JpcTheDecoder.'),
(432, 2, '2024-11-26 13:34:00', 1, 'Fetched distinct categories for report filters successfully for JpcTheDecoder.'),
(433, 2, '2024-11-26 13:34:00', 1, 'Fetched distinct years for report filters successfully for JpcTheDecoder.'),
(434, 2, '2024-11-26 13:34:00', 1, 'Fetched deposits for report table successfully for JpcTheDecoder.'),
(435, 2, '2024-11-26 13:34:00', 1, 'Fetched distinct categories for report filters successfully for JpcTheDecoder.'),
(436, 2, '2024-11-26 13:34:00', 1, 'Fetched distinct years for report filters successfully for JpcTheDecoder.'),
(437, 2, '2024-11-26 13:34:58', 1, 'Fetched deposits for deposit table successfully for JpcTheDecoder.'),
(438, 2, '2024-11-26 13:34:58', 1, 'Fetched distinct categories for deposit filters successfully for JpcTheDecoder.'),
(439, 2, '2024-11-26 13:34:58', 1, 'Fetched distinct years for deposit filters successfully for JpcTheDecoder.'),
(440, 2, '2024-11-26 13:34:59', 1, 'Dashboard data fetched for JpcTheDecoder. Dashboard ID: 1'),
(441, 2, '2024-11-26 13:35:04', 1, 'Fetched deposits for report table successfully for JpcTheDecoder.'),
(442, 2, '2024-11-26 13:35:04', 1, 'Fetched distinct categories for report filters successfully for JpcTheDecoder.'),
(443, 2, '2024-11-26 13:35:04', 1, 'Fetched distinct years for report filters successfully for JpcTheDecoder.'),
(444, 2, '2024-11-26 13:35:04', 1, 'Fetched expenses for report table successfully for JpcTheDecoder.'),
(445, 2, '2024-11-26 13:35:04', 1, 'Fetched distinct categories for report filters successfully for JpcTheDecoder.'),
(446, 2, '2024-11-26 13:35:04', 1, 'Fetched distinct years for report filters successfully for JpcTheDecoder.'),
(447, 2, '2024-11-26 13:35:07', 1, 'Fetched expenses for expense table successfully for JpcTheDecoder.'),
(448, 2, '2024-11-26 13:35:07', 1, 'Fetched distinct categories for expense filters successfully for JpcTheDecoder.'),
(449, 2, '2024-11-26 13:35:07', 1, 'Fetched distinct years for expense filters successfully for JpcTheDecoder.'),
(450, 2, '2024-11-26 13:35:36', 1, 'Fetched deposits for report table successfully for JpcTheDecoder.'),
(451, 2, '2024-11-26 13:35:36', 1, 'Fetched distinct categories for report filters successfully for JpcTheDecoder.'),
(452, 2, '2024-11-26 13:35:36', 1, 'Fetched distinct years for report filters successfully for JpcTheDecoder.'),
(453, 2, '2024-11-26 13:35:36', 1, 'Fetched expenses for report table successfully for JpcTheDecoder.'),
(454, 2, '2024-11-26 13:35:36', 1, 'Fetched distinct categories for report filters successfully for JpcTheDecoder.'),
(455, 2, '2024-11-26 13:35:36', 1, 'Fetched distinct years for report filters successfully for JpcTheDecoder.'),
(456, 2, '2024-11-26 13:38:32', 1, 'Fetched expenses for report table successfully for JpcTheDecoder.'),
(457, 2, '2024-11-26 13:38:32', 1, 'Fetched distinct categories for report filters successfully for JpcTheDecoder.'),
(458, 2, '2024-11-26 13:38:32', 1, 'Fetched distinct years for report filters successfully for JpcTheDecoder.'),
(459, 2, '2024-11-26 13:38:32', 1, 'Fetched deposits for report table successfully for JpcTheDecoder.'),
(460, 2, '2024-11-26 13:38:32', 1, 'Fetched distinct categories for report filters successfully for JpcTheDecoder.'),
(461, 2, '2024-11-26 13:38:32', 1, 'Fetched distinct years for report filters successfully for JpcTheDecoder.'),
(462, 2, '2024-11-26 13:41:17', 1, 'Fetched deposits for report table successfully for JpcTheDecoder.'),
(463, 2, '2024-11-26 13:41:17', 1, 'Fetched distinct categories for report filters successfully for JpcTheDecoder.'),
(464, 2, '2024-11-26 13:41:17', 1, 'Fetched distinct years for report filters successfully for JpcTheDecoder.'),
(465, 2, '2024-11-26 13:41:17', 1, 'Fetched expenses for report table successfully for JpcTheDecoder.'),
(466, 2, '2024-11-26 13:41:17', 1, 'Fetched distinct categories for report filters successfully for JpcTheDecoder.'),
(467, 2, '2024-11-26 13:41:17', 1, 'Fetched distinct years for report filters successfully for JpcTheDecoder.'),
(468, 2, '2024-11-26 13:55:52', 1, 'Profile updated successfully for user JpcTheDecoder. Old username: JpcTheDecoder.'),
(469, 2, '2024-11-26 13:56:20', 1, 'Profile updated successfully for user JpcTheDecoder. Old username: JpcTheDecoder.'),
(470, 2, '2024-11-26 13:58:55', 1, 'Profile updated successfully for user JpcTheDecoder. Old username: JpcTheDecoder.'),
(471, 2, '2024-11-26 13:59:53', 1, 'Profile updated successfully for user JpcTheDecoder.'),
(472, 2, '2024-11-26 13:59:53', 1, 'Dashboard data fetched for JpcTheDecoder. Dashboard ID: 1'),
(473, 2, '2024-11-26 14:00:05', 1, 'Username updated from JpcTheDecoder to JpcTheDecodere. Profile updated successfully.'),
(474, 2, '2024-11-26 14:00:05', 1, 'Dashboard data fetched for JpcTheDecodere. Dashboard ID: 1'),
(475, 2, '2024-11-26 14:00:22', 1, 'Username updated from JpcTheDecodere to JpcTheDecoder. Profile updated successfully.'),
(476, 2, '2024-11-26 14:00:22', 1, 'Dashboard data fetched for JpcTheDecoder. Dashboard ID: 1'),
(477, 2, '2024-11-26 14:01:38', 1, 'Dashboard data fetched for JpcTheDecoder. Dashboard ID: 1'),
(478, 2, '2024-11-26 14:01:52', 1, 'Fetched deposits for deposit table successfully for JpcTheDecoder.'),
(479, 2, '2024-11-26 14:01:52', 1, 'Fetched distinct categories for deposit filters successfully for JpcTheDecoder.'),
(480, 2, '2024-11-26 14:01:52', 1, 'Fetched distinct years for deposit filters successfully for JpcTheDecoder.'),
(481, 2, '2024-11-26 14:05:39', 1, 'Fetched deposits for report table successfully for JpcTheDecoder.'),
(482, 2, '2024-11-26 14:05:39', 1, 'Fetched distinct categories for report filters successfully for JpcTheDecoder.'),
(483, 2, '2024-11-26 14:05:39', 1, 'Fetched distinct years for report filters successfully for JpcTheDecoder.'),
(484, 2, '2024-11-26 14:05:39', 1, 'Fetched expenses for report table successfully for JpcTheDecoder.'),
(485, 2, '2024-11-26 14:05:39', 1, 'Fetched distinct categories for report filters successfully for JpcTheDecoder.'),
(486, 2, '2024-11-26 14:05:39', 1, 'Fetched distinct years for report filters successfully for JpcTheDecoder.'),
(487, 2, '2024-11-26 14:17:27', 1, 'Fetched expenses for report table successfully for JpcTheDecoder.'),
(488, 2, '2024-11-26 14:17:27', 1, 'Fetched distinct categories for report filters successfully for JpcTheDecoder.'),
(489, 2, '2024-11-26 14:17:27', 1, 'Fetched distinct years for report filters successfully for JpcTheDecoder.'),
(490, 2, '2024-11-26 14:17:27', 1, 'Fetched deposits for report table successfully for JpcTheDecoder.'),
(491, 2, '2024-11-26 14:17:27', 1, 'Fetched distinct categories for report filters successfully for JpcTheDecoder.'),
(492, 2, '2024-11-26 14:17:27', 1, 'Fetched distinct years for report filters successfully for JpcTheDecoder.'),
(493, 8, '2024-11-26 14:17:42', 1, 'User root logged out'),
(494, 8, '2024-11-26 14:18:02', 1, 'User root logged in successfully.'),
(495, 2, '2024-11-26 14:19:45', 1, 'Dashboard data fetched for JpcTheDecoder. Dashboard ID: 1'),
(496, 2, '2024-11-26 14:22:49', 1, 'Dashboard data fetched for JpcTheDecoder. Dashboard ID: 1'),
(497, 8, '2024-11-26 14:23:14', 1, 'User root logged in successfully.'),
(498, 8, '2024-11-26 14:27:42', 1, 'User root logged out'),
(499, 2, '2024-11-26 14:31:49', 1, 'Dashboard data fetched for JpcTheDecoder. Dashboard ID: 1'),
(500, 8, '2024-11-26 14:32:18', 1, 'User root logged in successfully.'),
(501, 2, '2024-11-26 14:34:11', 1, 'Dashboard data fetched for JpcTheDecoder. Dashboard ID: 1'),
(502, 8, '2024-11-26 14:34:17', 1, 'User root logged out'),
(503, 8, '2024-11-26 14:34:36', 1, 'User root logged in successfully.'),
(504, 2, '2024-11-26 14:36:21', 1, 'Dashboard data fetched for JpcTheDecoder. Dashboard ID: 1'),
(505, 8, '2024-11-26 14:36:27', 1, 'User root logged out'),
(506, 8, '2024-11-26 14:36:43', 1, 'User root logged in successfully.'),
(507, 2, '2024-11-26 14:38:52', 1, 'User JpcTheDecoder logged out'),
(508, 8, '2024-11-26 14:38:56', 1, 'User root logged in successfully.'),
(509, 8, '2024-11-26 14:48:23', 1, 'User root logged out'),
(510, 2, '2024-11-26 14:48:33', 1, 'User JpcTheDecoder logged in successfully.'),
(511, 2, '2024-11-26 14:48:33', 1, 'Dashboard data fetched for JpcTheDecoder. Dashboard ID: 1'),
(512, 8, '2024-11-26 14:48:43', 1, 'User root logged in successfully.'),
(513, 2, '2024-11-26 14:50:01', 1, 'Fetched deposits for deposit table successfully for JpcTheDecoder.'),
(514, 2, '2024-11-26 14:50:01', 1, 'Fetched distinct categories for deposit filters successfully for JpcTheDecoder.'),
(515, 2, '2024-11-26 14:50:01', 1, 'Fetched distinct years for deposit filters successfully for JpcTheDecoder.'),
(516, 2, '2024-11-26 14:50:04', 1, 'Fetched expenses for expense table successfully for JpcTheDecoder.'),
(517, 2, '2024-11-26 14:50:04', 1, 'Fetched distinct categories for expense filters successfully for JpcTheDecoder.'),
(518, 2, '2024-11-26 14:50:04', 1, 'Fetched distinct years for expense filters successfully for JpcTheDecoder.'),
(519, 2, '2024-11-26 14:50:07', 1, 'Fetched deposits for report table successfully for JpcTheDecoder.');
INSERT INTO `logs` (`id`, `user_id`, `created_at`, `status`, `description`) VALUES
(520, 2, '2024-11-26 14:50:07', 1, 'Fetched distinct categories for report filters successfully for JpcTheDecoder.'),
(521, 2, '2024-11-26 14:50:07', 1, 'Fetched distinct years for report filters successfully for JpcTheDecoder.'),
(522, 2, '2024-11-26 14:50:07', 1, 'Fetched expenses for report table successfully for JpcTheDecoder.'),
(523, 2, '2024-11-26 14:50:07', 1, 'Fetched distinct categories for report filters successfully for JpcTheDecoder.'),
(524, 2, '2024-11-26 14:50:07', 1, 'Fetched distinct years for report filters successfully for JpcTheDecoder.'),
(525, 2, '2024-11-26 14:50:14', 1, 'Fetched expenses for expense table successfully for JpcTheDecoder.'),
(526, 2, '2024-11-26 14:50:14', 1, 'Fetched distinct categories for expense filters successfully for JpcTheDecoder.'),
(527, 2, '2024-11-26 14:50:14', 1, 'Fetched distinct years for expense filters successfully for JpcTheDecoder.'),
(528, 2, '2024-11-26 14:50:21', 1, 'Dashboard data fetched for JpcTheDecoder. Dashboard ID: 1'),
(529, 2, '2024-11-26 14:51:37', 1, 'Dashboard data fetched for JpcTheDecoder. Dashboard ID: 1'),
(530, 8, '2024-11-26 14:51:44', 1, 'User root logged out'),
(531, 8, '2024-11-26 14:52:07', 1, 'User root logged in successfully.'),
(532, 8, '2024-11-26 14:53:06', 1, 'User root logged out'),
(533, 2, '2024-11-26 14:57:07', 1, 'Dashboard data fetched for JpcTheDecoder. Dashboard ID: 1'),
(534, 2, '2024-11-26 14:57:37', 1, 'Dashboard data fetched for JpcTheDecoder. Dashboard ID: 1'),
(535, 8, '2024-11-26 14:57:45', 1, 'User root logged in successfully.'),
(536, 8, '2024-11-26 14:58:26', 1, 'User root logged in successfully.'),
(537, 2, '2024-11-26 14:59:11', 1, 'Dashboard data fetched for JpcTheDecoder. Dashboard ID: 1'),
(538, 8, '2024-11-26 14:59:24', 1, 'User root logged in successfully.'),
(539, 2, '2024-11-26 15:02:14', 1, 'Dashboard data fetched for JpcTheDecoder. Dashboard ID: 1'),
(540, 2, '2024-11-26 15:03:14', 1, 'User JpcTheDecoder logged out'),
(541, 8, '2024-11-26 15:03:18', 1, 'User root logged in successfully.'),
(542, 8, '2024-11-26 15:17:42', 1, 'User root logged out'),
(543, 8, '2024-11-26 15:19:07', 1, 'User root logged in successfully.'),
(544, 2, '2024-11-26 15:19:14', 1, 'User JpcTheDecoder logged in successfully.'),
(545, 2, '2024-11-26 15:19:14', 1, 'Dashboard data fetched for JpcTheDecoder. Dashboard ID: 1'),
(546, 2, '2024-11-26 15:19:29', 1, 'Fetched deposits for deposit table successfully for JpcTheDecoder.'),
(547, 2, '2024-11-26 15:19:29', 1, 'Fetched distinct categories for deposit filters successfully for JpcTheDecoder.'),
(548, 2, '2024-11-26 15:19:29', 1, 'Fetched distinct years for deposit filters successfully for JpcTheDecoder.'),
(549, 2, '2024-11-26 15:19:45', 1, 'Dashboard data fetched for JpcTheDecoder. Dashboard ID: 1'),
(550, 2, '2024-11-26 15:20:06', 1, 'Dashboard data fetched for JpcTheDecoder. Dashboard ID: 1'),
(551, 2, '2024-11-26 15:20:08', 1, 'Dashboard data fetched for JpcTheDecoder. Dashboard ID: 1'),
(552, 2, '2024-11-26 15:23:49', 1, 'Dashboard data fetched for JpcTheDecoder. Dashboard ID: 1'),
(553, 8, '2024-11-26 15:24:17', 1, 'User root logged in successfully.'),
(554, 2, '2024-11-26 15:24:20', 1, 'Dashboard data fetched for JpcTheDecoder. Dashboard ID: 1'),
(555, 2, '2024-11-26 15:24:26', 1, 'Fetched deposits for deposit table successfully for JpcTheDecoder.'),
(556, 2, '2024-11-26 15:24:26', 1, 'Fetched distinct categories for deposit filters successfully for JpcTheDecoder.'),
(557, 2, '2024-11-26 15:24:26', 1, 'Fetched distinct years for deposit filters successfully for JpcTheDecoder.'),
(558, 2, '2024-11-27 01:02:41', 1, 'Dashboard data fetched for JpcTheDecoder. Dashboard ID: 1'),
(559, 2, '2024-11-27 01:02:46', 1, 'Fetched deposits for deposit table successfully for JpcTheDecoder.'),
(560, 2, '2024-11-27 01:02:46', 1, 'Fetched distinct categories for deposit filters successfully for JpcTheDecoder.'),
(561, 2, '2024-11-27 01:02:46', 1, 'Fetched distinct years for deposit filters successfully for JpcTheDecoder.'),
(562, 2, '2024-11-27 01:10:47', 1, 'Fetched deposits for deposit table successfully for JpcTheDecoder.'),
(563, 2, '2024-11-27 01:10:47', 1, 'Fetched distinct categories for deposit filters successfully for JpcTheDecoder.'),
(564, 2, '2024-11-27 01:10:47', 1, 'Fetched distinct years for deposit filters successfully for JpcTheDecoder.'),
(565, 2, '2024-11-27 01:23:42', 1, 'Fetched deposits for deposit table successfully for JpcTheDecoder.'),
(566, 2, '2024-11-27 01:23:42', 1, 'Fetched distinct categories for deposit filters successfully for JpcTheDecoder.'),
(567, 2, '2024-11-27 01:23:42', 1, 'Fetched distinct years for deposit filters successfully for JpcTheDecoder.'),
(568, 8, '2024-11-27 02:26:26', 1, 'User root logged out'),
(569, 2, '2024-11-27 02:26:28', 1, 'User JpcTheDecoder logged out'),
(570, 8, '2024-11-27 02:27:01', 1, 'User root logged in successfully.'),
(571, 8, '2024-11-27 02:28:22', 1, 'User root logged out'),
(572, 8, '2024-11-27 02:28:26', 1, 'User root logged in successfully.'),
(573, 8, '2024-11-27 02:35:46', 1, 'User root logged out'),
(574, 8, '2024-11-27 02:36:16', 1, 'User root logged in successfully.'),
(575, 2, '2024-11-27 02:36:24', 1, 'User JpcTheDecoder logged in successfully.'),
(576, 2, '2024-11-27 02:36:24', 1, 'Dashboard data fetched for JpcTheDecoder. Dashboard ID: 1'),
(577, 2, '2024-11-27 02:36:29', 1, 'Fetched deposits for deposit table successfully for JpcTheDecoder.'),
(578, 2, '2024-11-27 02:36:29', 1, 'Fetched distinct categories for deposit filters successfully for JpcTheDecoder.'),
(579, 2, '2024-11-27 02:36:29', 1, 'Fetched distinct years for deposit filters successfully for JpcTheDecoder.'),
(580, 2, '2024-11-27 02:36:33', 1, 'Fetched expenses for expense table successfully for JpcTheDecoder.'),
(581, 2, '2024-11-27 02:36:33', 1, 'Fetched distinct categories for expense filters successfully for JpcTheDecoder.'),
(582, 2, '2024-11-27 02:36:33', 1, 'Fetched distinct years for expense filters successfully for JpcTheDecoder.'),
(583, 2, '2024-11-27 02:41:32', 1, 'Fetched expenses for expense table successfully for JpcTheDecoder.'),
(584, 2, '2024-11-27 02:41:32', 1, 'Fetched distinct categories for expense filters successfully for JpcTheDecoder.'),
(585, 2, '2024-11-27 02:41:32', 1, 'Fetched distinct years for expense filters successfully for JpcTheDecoder.'),
(586, 2, '2024-11-27 02:42:03', 1, 'Dashboard data fetched for JpcTheDecoder. Dashboard ID: 1'),
(587, 2, '2024-11-27 02:42:30', 1, 'Fetched deposits for deposit table successfully for JpcTheDecoder.'),
(588, 2, '2024-11-27 02:42:30', 1, 'Fetched distinct categories for deposit filters successfully for JpcTheDecoder.'),
(589, 2, '2024-11-27 02:42:30', 1, 'Fetched distinct years for deposit filters successfully for JpcTheDecoder.'),
(590, 2, '2024-11-27 02:42:31', 1, 'Fetched deposits for deposit table successfully for JpcTheDecoder.'),
(591, 2, '2024-11-27 02:42:31', 1, 'Fetched distinct categories for deposit filters successfully for JpcTheDecoder.'),
(592, 2, '2024-11-27 02:42:31', 1, 'Fetched distinct years for deposit filters successfully for JpcTheDecoder.'),
(593, 2, '2024-11-27 02:42:33', 1, 'Fetched expenses for expense table successfully for JpcTheDecoder.'),
(594, 2, '2024-11-27 02:42:33', 1, 'Fetched distinct categories for expense filters successfully for JpcTheDecoder.'),
(595, 2, '2024-11-27 02:42:33', 1, 'Fetched distinct years for expense filters successfully for JpcTheDecoder.'),
(596, 2, '2024-11-27 02:48:53', 1, 'Fetched expenses for expense table successfully for JpcTheDecoder.'),
(597, 2, '2024-11-27 02:48:53', 1, 'Fetched distinct categories for expense filters successfully for JpcTheDecoder.'),
(598, 2, '2024-11-27 02:48:53', 1, 'Fetched distinct years for expense filters successfully for JpcTheDecoder.'),
(599, 8, '2024-11-27 02:48:59', 1, 'User root logged out'),
(600, 8, '2024-11-27 02:49:22', 1, 'User root logged in successfully.'),
(601, 2, '2024-11-27 02:50:01', 1, 'Fetched expenses for expense table successfully for JpcTheDecoder.'),
(602, 2, '2024-11-27 02:50:01', 1, 'Fetched distinct categories for expense filters successfully for JpcTheDecoder.'),
(603, 2, '2024-11-27 02:50:01', 1, 'Fetched distinct years for expense filters successfully for JpcTheDecoder.'),
(604, 8, '2024-11-27 02:50:19', 1, 'User root logged in successfully.'),
(605, 2, '2024-11-27 02:53:33', 1, 'Fetched expenses for expense table successfully for JpcTheDecoder.'),
(606, 2, '2024-11-27 02:53:33', 1, 'Fetched distinct categories for expense filters successfully for JpcTheDecoder.'),
(607, 2, '2024-11-27 02:53:33', 1, 'Fetched distinct years for expense filters successfully for JpcTheDecoder.'),
(608, 2, '2024-11-27 02:56:05', 1, 'Fetched expenses for expense table successfully for JpcTheDecoder.'),
(609, 2, '2024-11-27 02:56:05', 1, 'Fetched distinct categories for expense filters successfully for JpcTheDecoder.'),
(610, 2, '2024-11-27 02:56:05', 1, 'Fetched distinct years for expense filters successfully for JpcTheDecoder.'),
(611, 2, '2024-11-27 02:59:35', 1, 'Fetched expenses for expense table successfully for JpcTheDecoder.'),
(612, 2, '2024-11-27 02:59:35', 1, 'Fetched distinct categories for expense filters successfully for JpcTheDecoder.'),
(613, 2, '2024-11-27 02:59:35', 1, 'Fetched distinct years for expense filters successfully for JpcTheDecoder.'),
(614, 2, '2024-11-27 03:00:46', 1, 'Fetched expenses for expense table successfully for JpcTheDecoder.'),
(615, 2, '2024-11-27 03:00:46', 1, 'Fetched distinct categories for expense filters successfully for JpcTheDecoder.'),
(616, 2, '2024-11-27 03:00:46', 1, 'Fetched distinct years for expense filters successfully for JpcTheDecoder.'),
(617, 2, '2024-11-27 03:01:02', 1, 'Fetched expenses for expense table successfully for JpcTheDecoder.'),
(618, 2, '2024-11-27 03:01:02', 1, 'Fetched distinct categories for expense filters successfully for JpcTheDecoder.'),
(619, 2, '2024-11-27 03:01:02', 1, 'Fetched distinct years for expense filters successfully for JpcTheDecoder.'),
(620, 8, '2024-11-27 03:01:28', 1, 'User root logged in successfully.'),
(621, 2, '2024-11-27 03:03:29', 1, 'Fetched expenses for expense table successfully for JpcTheDecoder.'),
(622, 2, '2024-11-27 03:03:29', 1, 'Fetched distinct categories for expense filters successfully for JpcTheDecoder.'),
(623, 2, '2024-11-27 03:03:29', 1, 'Fetched distinct years for expense filters successfully for JpcTheDecoder.'),
(624, 2, '2024-11-27 03:09:56', 1, 'Fetched expenses for expense table successfully for JpcTheDecoder.'),
(625, 2, '2024-11-27 03:09:56', 1, 'Fetched distinct categories for expense filters successfully for JpcTheDecoder.'),
(626, 2, '2024-11-27 03:09:56', 1, 'Fetched distinct years for expense filters successfully for JpcTheDecoder.'),
(627, 8, '2024-11-27 03:10:15', 1, 'User root logged in successfully.'),
(628, 2, '2024-11-27 03:20:05', 1, 'Fetched expenses for expense table successfully for JpcTheDecoder.'),
(629, 2, '2024-11-27 03:20:05', 1, 'Fetched distinct categories for expense filters successfully for JpcTheDecoder.'),
(630, 2, '2024-11-27 03:20:05', 1, 'Fetched distinct years for expense filters successfully for JpcTheDecoder.'),
(631, 8, '2024-11-27 03:20:47', 1, 'User root logged in successfully.'),
(632, 2, '2024-11-27 03:32:08', 1, 'Fetched expenses for expense table successfully for JpcTheDecoder.'),
(633, 2, '2024-11-27 03:32:08', 1, 'Fetched distinct categories for expense filters successfully for JpcTheDecoder.'),
(634, 2, '2024-11-27 03:32:08', 1, 'Fetched distinct years for expense filters successfully for JpcTheDecoder.'),
(635, 2, '2024-11-27 03:33:29', 1, 'Fetched expenses for expense table successfully for JpcTheDecoder.'),
(636, 2, '2024-11-27 03:33:29', 1, 'Fetched distinct categories for expense filters successfully for JpcTheDecoder.'),
(637, 2, '2024-11-27 03:33:29', 1, 'Fetched distinct years for expense filters successfully for JpcTheDecoder.'),
(638, 8, '2024-11-27 03:33:43', 1, 'User root logged out'),
(639, 8, '2024-11-27 03:33:55', 1, 'User root logged in successfully.'),
(640, 2, '2024-11-27 03:36:12', 1, 'Fetched expenses for expense table successfully for JpcTheDecoder.'),
(641, 2, '2024-11-27 03:36:12', 1, 'Fetched distinct categories for expense filters successfully for JpcTheDecoder.'),
(642, 2, '2024-11-27 03:36:12', 1, 'Fetched distinct years for expense filters successfully for JpcTheDecoder.'),
(643, 8, '2024-11-27 03:36:16', 1, 'User root logged out'),
(644, 2, '2024-11-27 03:36:22', 1, 'User JpcTheDecoder logged out'),
(645, 8, '2024-11-27 03:36:26', 1, 'User root logged in successfully.'),
(646, 8, '2024-11-27 04:15:01', 1, 'User root logged out'),
(647, 2, '2024-11-27 04:15:24', 1, 'User JpcTheDecoder logged in successfully.'),
(648, 2, '2024-11-27 04:15:25', 1, 'Dashboard data fetched for JpcTheDecoder. Dashboard ID: 1'),
(649, 2, '2024-11-27 04:34:26', 1, 'Fetched deposits for report table successfully for JpcTheDecoder.'),
(650, 2, '2024-11-27 04:34:26', 1, 'Fetched distinct categories for report filters successfully for JpcTheDecoder.'),
(651, 2, '2024-11-27 04:34:26', 1, 'Fetched distinct years for report filters successfully for JpcTheDecoder.'),
(652, 2, '2024-11-27 04:34:26', 1, 'Fetched expenses for report table successfully for JpcTheDecoder.'),
(653, 2, '2024-11-27 04:34:26', 1, 'Fetched distinct categories for report filters successfully for JpcTheDecoder.'),
(654, 2, '2024-11-27 04:34:26', 1, 'Fetched distinct years for report filters successfully for JpcTheDecoder.'),
(655, 2, '2024-11-27 04:34:55', 1, 'Fetched deposits for report table successfully for JpcTheDecoder.'),
(656, 2, '2024-11-27 04:34:55', 1, 'Fetched distinct categories for report filters successfully for JpcTheDecoder.'),
(657, 2, '2024-11-27 04:34:55', 1, 'Fetched distinct years for report filters successfully for JpcTheDecoder.'),
(658, 2, '2024-11-27 04:34:55', 1, 'Fetched expenses for report table successfully for JpcTheDecoder.'),
(659, 2, '2024-11-27 04:34:55', 1, 'Fetched distinct categories for report filters successfully for JpcTheDecoder.'),
(660, 2, '2024-11-27 04:34:55', 1, 'Fetched distinct years for report filters successfully for JpcTheDecoder.'),
(661, 2, '2024-11-27 04:34:57', 1, 'Fetched expenses for expense table successfully for JpcTheDecoder.'),
(662, 2, '2024-11-27 04:34:57', 1, 'Fetched distinct categories for expense filters successfully for JpcTheDecoder.'),
(663, 2, '2024-11-27 04:34:57', 1, 'Fetched distinct years for expense filters successfully for JpcTheDecoder.'),
(664, 2, '2024-11-27 04:34:58', 1, 'Fetched deposits for deposit table successfully for JpcTheDecoder.'),
(665, 2, '2024-11-27 04:34:58', 1, 'Fetched distinct categories for deposit filters successfully for JpcTheDecoder.'),
(666, 2, '2024-11-27 04:34:58', 1, 'Fetched distinct years for deposit filters successfully for JpcTheDecoder.'),
(667, 2, '2024-11-27 04:35:09', 1, 'User JpcTheDecoder logged out'),
(668, 8, '2024-11-27 04:35:18', 1, 'User root logged in successfully.'),
(669, 8, '2024-11-27 04:38:36', 1, 'User root logged out'),
(670, 2, '2024-11-27 04:38:43', 1, 'User JpcTheDecoder logged in successfully.'),
(671, 2, '2024-11-27 04:38:43', 1, 'Dashboard data fetched for JpcTheDecoder. Dashboard ID: 1'),
(672, 2, '2024-11-27 04:38:47', 1, 'Fetched deposits for report table successfully for JpcTheDecoder.'),
(673, 2, '2024-11-27 04:38:47', 1, 'Fetched distinct categories for report filters successfully for JpcTheDecoder.'),
(674, 2, '2024-11-27 04:38:47', 1, 'Fetched distinct years for report filters successfully for JpcTheDecoder.'),
(675, 2, '2024-11-27 04:38:47', 1, 'Fetched expenses for report table successfully for JpcTheDecoder.'),
(676, 2, '2024-11-27 04:38:47', 1, 'Fetched distinct categories for report filters successfully for JpcTheDecoder.'),
(677, 2, '2024-11-27 04:38:47', 1, 'Fetched distinct years for report filters successfully for JpcTheDecoder.'),
(678, 2, '2024-11-27 04:38:52', 1, 'Fetched deposits for report table successfully for JpcTheDecoder.'),
(679, 2, '2024-11-27 04:38:52', 1, 'Fetched distinct categories for report filters successfully for JpcTheDecoder.'),
(680, 2, '2024-11-27 04:38:52', 1, 'Fetched distinct years for report filters successfully for JpcTheDecoder.'),
(681, 2, '2024-11-27 04:38:52', 1, 'Fetched expenses for report table successfully for JpcTheDecoder.'),
(682, 2, '2024-11-27 04:38:52', 1, 'Fetched distinct categories for report filters successfully for JpcTheDecoder.'),
(683, 2, '2024-11-27 04:38:52', 1, 'Fetched distinct years for report filters successfully for JpcTheDecoder.'),
(684, 2, '2024-11-27 04:39:31', 1, 'Fetched deposits for report table successfully for JpcTheDecoder.'),
(685, 2, '2024-11-27 04:39:31', 1, 'Fetched distinct categories for report filters successfully for JpcTheDecoder.'),
(686, 2, '2024-11-27 04:39:31', 1, 'Fetched distinct years for report filters successfully for JpcTheDecoder.'),
(687, 2, '2024-11-27 04:39:31', 1, 'Fetched expenses for report table successfully for JpcTheDecoder.'),
(688, 2, '2024-11-27 04:39:31', 1, 'Fetched distinct categories for report filters successfully for JpcTheDecoder.'),
(689, 2, '2024-11-27 04:39:31', 1, 'Fetched distinct years for report filters successfully for JpcTheDecoder.'),
(690, 2, '2024-11-27 04:40:06', 1, 'Fetched deposits for report table successfully for JpcTheDecoder.'),
(691, 2, '2024-11-27 04:40:06', 1, 'Fetched distinct categories for report filters successfully for JpcTheDecoder.'),
(692, 2, '2024-11-27 04:40:06', 1, 'Fetched distinct years for report filters successfully for JpcTheDecoder.'),
(693, 2, '2024-11-27 04:40:06', 1, 'Fetched expenses for report table successfully for JpcTheDecoder.'),
(694, 2, '2024-11-27 04:40:06', 1, 'Fetched distinct categories for report filters successfully for JpcTheDecoder.'),
(695, 2, '2024-11-27 04:40:06', 1, 'Fetched distinct years for report filters successfully for JpcTheDecoder.'),
(696, 2, '2024-11-27 04:40:56', 1, 'Fetched deposits for report table successfully for JpcTheDecoder.'),
(697, 2, '2024-11-27 04:40:56', 1, 'Fetched distinct categories for report filters successfully for JpcTheDecoder.'),
(698, 2, '2024-11-27 04:40:56', 1, 'Fetched distinct years for report filters successfully for JpcTheDecoder.'),
(699, 2, '2024-11-27 04:40:56', 1, 'Fetched expenses for report table successfully for JpcTheDecoder.'),
(700, 2, '2024-11-27 04:40:56', 1, 'Fetched distinct categories for report filters successfully for JpcTheDecoder.'),
(701, 2, '2024-11-27 04:40:56', 1, 'Fetched distinct years for report filters successfully for JpcTheDecoder.'),
(702, 2, '2024-11-27 04:41:31', 1, 'Fetched deposits for report table successfully for JpcTheDecoder.'),
(703, 2, '2024-11-27 04:41:31', 1, 'Fetched distinct categories for report filters successfully for JpcTheDecoder.'),
(704, 2, '2024-11-27 04:41:31', 1, 'Fetched distinct years for report filters successfully for JpcTheDecoder.'),
(705, 2, '2024-11-27 04:41:31', 1, 'Fetched expenses for report table successfully for JpcTheDecoder.'),
(706, 2, '2024-11-27 04:41:31', 1, 'Fetched distinct categories for report filters successfully for JpcTheDecoder.'),
(707, 2, '2024-11-27 04:41:31', 1, 'Fetched distinct years for report filters successfully for JpcTheDecoder.'),
(708, 2, '2024-11-27 04:41:36', 1, 'User JpcTheDecoder logged out'),
(709, 8, '2024-11-27 04:41:44', 1, 'User root logged in successfully.'),
(710, 8, '2024-11-27 04:42:28', 1, 'User root logged out'),
(711, 2, '2024-11-27 04:43:08', 1, 'User JpcTheDecoder logged in successfully.'),
(712, 2, '2024-11-27 04:43:08', 1, 'Dashboard data fetched for JpcTheDecoder. Dashboard ID: 1'),
(713, 2, '2024-11-27 04:43:10', 1, 'Fetched deposits for deposit table successfully for JpcTheDecoder.'),
(714, 2, '2024-11-27 04:43:10', 1, 'Fetched distinct categories for deposit filters successfully for JpcTheDecoder.'),
(715, 2, '2024-11-27 04:43:10', 1, 'Fetched distinct years for deposit filters successfully for JpcTheDecoder.'),
(716, 2, '2024-11-27 04:43:11', 1, 'Fetched expenses for expense table successfully for JpcTheDecoder.'),
(717, 2, '2024-11-27 04:43:11', 1, 'Fetched distinct categories for expense filters successfully for JpcTheDecoder.'),
(718, 2, '2024-11-27 04:43:11', 1, 'Fetched distinct years for expense filters successfully for JpcTheDecoder.'),
(719, 2, '2024-11-27 04:43:12', 1, 'Fetched deposits for report table successfully for JpcTheDecoder.'),
(720, 2, '2024-11-27 04:43:12', 1, 'Fetched distinct categories for report filters successfully for JpcTheDecoder.'),
(721, 2, '2024-11-27 04:43:12', 1, 'Fetched distinct years for report filters successfully for JpcTheDecoder.'),
(722, 2, '2024-11-27 04:43:12', 1, 'Fetched expenses for report table successfully for JpcTheDecoder.'),
(723, 2, '2024-11-27 04:43:12', 1, 'Fetched distinct categories for report filters successfully for JpcTheDecoder.'),
(724, 2, '2024-11-27 04:43:12', 1, 'Fetched distinct years for report filters successfully for JpcTheDecoder.'),
(725, 2, '2024-11-27 04:43:16', 1, 'Fetched deposits for report table successfully for JpcTheDecoder.'),
(726, 2, '2024-11-27 04:43:16', 1, 'Fetched distinct categories for report filters successfully for JpcTheDecoder.'),
(727, 2, '2024-11-27 04:43:16', 1, 'Fetched distinct years for report filters successfully for JpcTheDecoder.'),
(728, 2, '2024-11-27 04:43:16', 1, 'Fetched expenses for report table successfully for JpcTheDecoder.'),
(729, 2, '2024-11-27 04:43:16', 1, 'Fetched distinct categories for report filters successfully for JpcTheDecoder.'),
(730, 2, '2024-11-27 04:43:16', 1, 'Fetched distinct years for report filters successfully for JpcTheDecoder.'),
(731, 2, '2024-11-27 04:45:18', 1, 'Fetched deposits for report table successfully for JpcTheDecoder.'),
(732, 2, '2024-11-27 04:45:18', 1, 'Fetched distinct categories for report filters successfully for JpcTheDecoder.'),
(733, 2, '2024-11-27 04:45:18', 1, 'Fetched distinct years for report filters successfully for JpcTheDecoder.'),
(734, 2, '2024-11-27 04:45:18', 1, 'Fetched expenses for report table successfully for JpcTheDecoder.'),
(735, 2, '2024-11-27 04:45:18', 1, 'Fetched distinct categories for report filters successfully for JpcTheDecoder.'),
(736, 2, '2024-11-27 04:45:18', 1, 'Fetched distinct years for report filters successfully for JpcTheDecoder.'),
(737, 2, '2024-11-27 04:46:44', 1, 'Fetched deposits for report table successfully for JpcTheDecoder.'),
(738, 2, '2024-11-27 04:46:44', 1, 'Fetched distinct categories for report filters successfully for JpcTheDecoder.'),
(739, 2, '2024-11-27 04:46:44', 1, 'Fetched distinct years for report filters successfully for JpcTheDecoder.'),
(740, 2, '2024-11-27 04:46:44', 1, 'Fetched expenses for report table successfully for JpcTheDecoder.'),
(741, 2, '2024-11-27 04:46:44', 1, 'Fetched distinct categories for report filters successfully for JpcTheDecoder.'),
(742, 2, '2024-11-27 04:46:44', 1, 'Fetched distinct years for report filters successfully for JpcTheDecoder.'),
(743, 2, '2024-11-27 04:47:44', 1, 'Fetched deposits for report table successfully for JpcTheDecoder.'),
(744, 2, '2024-11-27 04:47:44', 1, 'Fetched distinct categories for report filters successfully for JpcTheDecoder.'),
(745, 2, '2024-11-27 04:47:44', 1, 'Fetched distinct years for report filters successfully for JpcTheDecoder.'),
(746, 2, '2024-11-27 04:47:44', 1, 'Fetched expenses for report table successfully for JpcTheDecoder.'),
(747, 2, '2024-11-27 04:47:44', 1, 'Fetched distinct categories for report filters successfully for JpcTheDecoder.'),
(748, 2, '2024-11-27 04:47:44', 1, 'Fetched distinct years for report filters successfully for JpcTheDecoder.'),
(749, 2, '2024-11-27 04:47:53', 1, 'Fetched deposits for report table successfully for JpcTheDecoder.'),
(750, 2, '2024-11-27 04:47:53', 1, 'Fetched distinct categories for report filters successfully for JpcTheDecoder.'),
(751, 2, '2024-11-27 04:47:53', 1, 'Fetched distinct years for report filters successfully for JpcTheDecoder.'),
(752, 2, '2024-11-27 04:47:53', 1, 'Fetched expenses for report table successfully for JpcTheDecoder.'),
(753, 2, '2024-11-27 04:47:53', 1, 'Fetched distinct categories for report filters successfully for JpcTheDecoder.'),
(754, 2, '2024-11-27 04:47:53', 1, 'Fetched distinct years for report filters successfully for JpcTheDecoder.'),
(755, 2, '2024-11-27 04:48:06', 1, 'Fetched expenses for report table successfully for JpcTheDecoder.'),
(756, 2, '2024-11-27 04:48:06', 1, 'Fetched distinct categories for report filters successfully for JpcTheDecoder.'),
(757, 2, '2024-11-27 04:48:06', 1, 'Fetched distinct years for report filters successfully for JpcTheDecoder.'),
(758, 2, '2024-11-27 04:48:06', 1, 'Fetched deposits for report table successfully for JpcTheDecoder.'),
(759, 2, '2024-11-27 04:48:06', 1, 'Fetched distinct categories for report filters successfully for JpcTheDecoder.'),
(760, 2, '2024-11-27 04:48:06', 1, 'Fetched distinct years for report filters successfully for JpcTheDecoder.'),
(761, 2, '2024-11-27 04:48:30', 1, 'Fetched deposits for report table successfully for JpcTheDecoder.'),
(762, 2, '2024-11-27 04:48:30', 1, 'Fetched distinct categories for report filters successfully for JpcTheDecoder.'),
(763, 2, '2024-11-27 04:48:30', 1, 'Fetched distinct years for report filters successfully for JpcTheDecoder.'),
(764, 2, '2024-11-27 04:48:30', 1, 'Fetched expenses for report table successfully for JpcTheDecoder.'),
(765, 2, '2024-11-27 04:48:30', 1, 'Fetched distinct categories for report filters successfully for JpcTheDecoder.'),
(766, 2, '2024-11-27 04:48:30', 1, 'Fetched distinct years for report filters successfully for JpcTheDecoder.'),
(767, 2, '2024-11-27 04:48:40', 1, 'Fetched expenses for report table successfully for JpcTheDecoder.'),
(768, 2, '2024-11-27 04:48:40', 1, 'Fetched distinct categories for report filters successfully for JpcTheDecoder.'),
(769, 2, '2024-11-27 04:48:40', 1, 'Fetched distinct years for report filters successfully for JpcTheDecoder.'),
(770, 2, '2024-11-27 04:48:40', 1, 'Fetched deposits for report table successfully for JpcTheDecoder.'),
(771, 2, '2024-11-27 04:48:40', 1, 'Fetched distinct categories for report filters successfully for JpcTheDecoder.'),
(772, 2, '2024-11-27 04:48:40', 1, 'Fetched distinct years for report filters successfully for JpcTheDecoder.'),
(773, 2, '2024-11-27 04:48:46', 1, 'Fetched deposits for report table successfully for JpcTheDecoder.'),
(774, 2, '2024-11-27 04:48:46', 1, 'Fetched distinct categories for report filters successfully for JpcTheDecoder.'),
(775, 2, '2024-11-27 04:48:46', 1, 'Fetched distinct years for report filters successfully for JpcTheDecoder.'),
(776, 2, '2024-11-27 04:48:46', 1, 'Fetched expenses for report table successfully for JpcTheDecoder.'),
(777, 2, '2024-11-27 04:48:46', 1, 'Fetched distinct categories for report filters successfully for JpcTheDecoder.'),
(778, 2, '2024-11-27 04:48:46', 1, 'Fetched distinct years for report filters successfully for JpcTheDecoder.'),
(779, 2, '2024-11-27 04:48:57', 1, 'Fetched deposits for report table successfully for JpcTheDecoder.'),
(780, 2, '2024-11-27 04:48:57', 1, 'Fetched distinct categories for report filters successfully for JpcTheDecoder.'),
(781, 2, '2024-11-27 04:48:57', 1, 'Fetched distinct years for report filters successfully for JpcTheDecoder.'),
(782, 2, '2024-11-27 04:48:57', 1, 'Fetched expenses for report table successfully for JpcTheDecoder.'),
(783, 2, '2024-11-27 04:48:57', 1, 'Fetched distinct categories for report filters successfully for JpcTheDecoder.'),
(784, 2, '2024-11-27 04:48:57', 1, 'Fetched distinct years for report filters successfully for JpcTheDecoder.'),
(785, 2, '2024-11-27 05:16:49', 1, 'Fetched expenses for expense table successfully for JpcTheDecoder.'),
(786, 2, '2024-11-27 05:16:49', 1, 'Fetched distinct categories for expense filters successfully for JpcTheDecoder.'),
(787, 2, '2024-11-27 05:16:49', 1, 'Fetched distinct years for expense filters successfully for JpcTheDecoder.'),
(788, 2, '2024-11-27 05:16:53', 1, 'Fetched deposits for deposit table successfully for JpcTheDecoder.'),
(789, 2, '2024-11-27 05:16:53', 1, 'Fetched distinct categories for deposit filters successfully for JpcTheDecoder.'),
(790, 2, '2024-11-27 05:16:53', 1, 'Fetched distinct years for deposit filters successfully for JpcTheDecoder.'),
(791, 2, '2024-11-27 05:17:20', 1, 'Dashboard data fetched for JpcTheDecoder. Dashboard ID: 1'),
(792, 2, '2024-11-27 05:17:22', 1, 'Fetched expenses for expense table successfully for JpcTheDecoder.'),
(793, 2, '2024-11-27 05:17:22', 1, 'Fetched distinct categories for expense filters successfully for JpcTheDecoder.'),
(794, 2, '2024-11-27 05:17:22', 1, 'Fetched distinct years for expense filters successfully for JpcTheDecoder.'),
(795, 2, '2024-11-27 05:17:27', 1, 'Fetched deposits for deposit table successfully for JpcTheDecoder.'),
(796, 2, '2024-11-27 05:17:27', 1, 'Fetched distinct categories for deposit filters successfully for JpcTheDecoder.'),
(797, 2, '2024-11-27 05:17:27', 1, 'Fetched distinct years for deposit filters successfully for JpcTheDecoder.'),
(798, 2, '2024-11-27 05:17:28', 1, 'Fetched expenses for expense table successfully for JpcTheDecoder.'),
(799, 2, '2024-11-27 05:17:28', 1, 'Fetched distinct categories for expense filters successfully for JpcTheDecoder.'),
(800, 2, '2024-11-27 05:17:28', 1, 'Fetched distinct years for expense filters successfully for JpcTheDecoder.'),
(801, 2, '2024-11-27 05:18:23', 1, 'Fetched deposits for deposit table successfully for JpcTheDecoder.'),
(802, 2, '2024-11-27 05:18:23', 1, 'Fetched distinct categories for deposit filters successfully for JpcTheDecoder.'),
(803, 2, '2024-11-27 05:18:23', 1, 'Fetched distinct years for deposit filters successfully for JpcTheDecoder.'),
(804, 2, '2024-11-27 05:18:24', 1, 'Fetched deposits for report table successfully for JpcTheDecoder.'),
(805, 2, '2024-11-27 05:18:24', 1, 'Fetched distinct categories for report filters successfully for JpcTheDecoder.'),
(806, 2, '2024-11-27 05:18:24', 1, 'Fetched distinct years for report filters successfully for JpcTheDecoder.'),
(807, 2, '2024-11-27 05:18:24', 1, 'Fetched expenses for report table successfully for JpcTheDecoder.'),
(808, 2, '2024-11-27 05:18:24', 1, 'Fetched distinct categories for report filters successfully for JpcTheDecoder.'),
(809, 2, '2024-11-27 05:18:24', 1, 'Fetched distinct years for report filters successfully for JpcTheDecoder.'),
(810, 2, '2024-11-27 05:18:27', 1, 'Fetched deposits for deposit table successfully for JpcTheDecoder.'),
(811, 2, '2024-11-27 05:18:27', 1, 'Fetched distinct categories for deposit filters successfully for JpcTheDecoder.'),
(812, 2, '2024-11-27 05:18:27', 1, 'Fetched distinct years for deposit filters successfully for JpcTheDecoder.'),
(813, 2, '2024-11-27 05:18:29', 1, 'Fetched expenses for expense table successfully for JpcTheDecoder.'),
(814, 2, '2024-11-27 05:18:29', 1, 'Fetched distinct categories for expense filters successfully for JpcTheDecoder.'),
(815, 2, '2024-11-27 05:18:29', 1, 'Fetched distinct years for expense filters successfully for JpcTheDecoder.'),
(816, 2, '2024-11-27 05:18:30', 1, 'Fetched deposits for deposit table successfully for JpcTheDecoder.'),
(817, 2, '2024-11-27 05:18:30', 1, 'Fetched distinct categories for deposit filters successfully for JpcTheDecoder.'),
(818, 2, '2024-11-27 05:18:30', 1, 'Fetched distinct years for deposit filters successfully for JpcTheDecoder.'),
(819, 2, '2024-11-27 05:18:41', 1, 'Fetched expenses for expense table successfully for JpcTheDecoder.'),
(820, 2, '2024-11-27 05:18:41', 1, 'Fetched distinct categories for expense filters successfully for JpcTheDecoder.'),
(821, 2, '2024-11-27 05:18:41', 1, 'Fetched distinct years for expense filters successfully for JpcTheDecoder.'),
(822, 2, '2024-11-27 05:50:54', 1, 'Fetched expenses for expense table successfully for JpcTheDecoder.'),
(823, 2, '2024-11-27 05:50:54', 1, 'Fetched distinct categories for expense filters successfully for JpcTheDecoder.'),
(824, 2, '2024-11-27 05:50:54', 1, 'Fetched distinct years for expense filters successfully for JpcTheDecoder.'),
(825, 2, '2024-11-27 08:11:08', 1, 'Fetched categories for category table successfully for JpcTheDecoder.'),
(826, 2, '2024-11-27 08:11:08', 1, 'Fetched distinct years for category filters successfully for JpcTheDecoder.'),
(827, 2, '2024-11-27 08:12:35', 1, 'Fetched categories for category table successfully for JpcTheDecoder.'),
(828, 2, '2024-11-27 08:12:35', 1, 'Fetched distinct years for category filters successfully for JpcTheDecoder.'),
(829, 2, '2024-11-27 08:12:58', 1, 'Fetched categories for category table successfully for JpcTheDecoder.'),
(830, 2, '2024-11-27 08:12:58', 1, 'Fetched distinct years for category filters successfully for JpcTheDecoder.'),
(831, 2, '2024-11-27 08:13:21', 1, 'Fetched categories for category table successfully for JpcTheDecoder.'),
(832, 2, '2024-11-27 08:13:21', 1, 'Fetched distinct years for category filters successfully for JpcTheDecoder.'),
(833, 2, '2024-11-27 08:13:44', 1, 'Fetched categories for category table successfully for JpcTheDecoder.'),
(834, 2, '2024-11-27 08:13:44', 1, 'Fetched distinct years for category filters successfully for JpcTheDecoder.'),
(835, 2, '2024-11-27 11:33:51', 1, 'Fetched categories for category table successfully for JpcTheDecoder.'),
(836, 2, '2024-11-27 11:33:51', 1, 'Fetched distinct years for category filters successfully for JpcTheDecoder.'),
(837, 2, '2024-11-27 11:34:18', 1, 'Fetched categories for category table successfully for JpcTheDecoder.'),
(838, 2, '2024-11-27 11:34:18', 1, 'Fetched distinct years for category filters successfully for JpcTheDecoder.'),
(839, 2, '2024-11-27 11:34:46', 1, 'Fetched expenses for expense table successfully for JpcTheDecoder.'),
(840, 2, '2024-11-27 11:34:46', 1, 'Fetched distinct categories for expense filters successfully for JpcTheDecoder.'),
(841, 2, '2024-11-27 11:34:46', 1, 'Fetched distinct years for expense filters successfully for JpcTheDecoder.'),
(842, 2, '2024-11-27 11:34:58', 1, 'Fetched categories for category table successfully for JpcTheDecoder.'),
(843, 2, '2024-11-27 11:34:58', 1, 'Fetched distinct years for category filters successfully for JpcTheDecoder.'),
(844, 2, '2024-11-27 11:35:23', 1, 'Fetched categories for category table successfully for JpcTheDecoder.'),
(845, 2, '2024-11-27 11:35:23', 1, 'Fetched distinct years for category filters successfully for JpcTheDecoder.'),
(846, 2, '2024-11-27 11:37:42', 1, 'Fetched categories for category table successfully for JpcTheDecoder.'),
(847, 2, '2024-11-27 11:37:42', 1, 'Fetched distinct years for category filters successfully for JpcTheDecoder.'),
(848, 2, '2024-11-27 11:37:50', 1, 'Category added successfully for JpcTheDecoder. Deposit ID: 1'),
(849, 2, '2024-11-27 11:37:50', 1, 'Category details fetched successfully for JpcTheDecoder. Category ID: 1'),
(850, 2, '2024-11-27 11:41:02', 1, 'Fetched categories for category table successfully for JpcTheDecoder.'),
(851, 2, '2024-11-27 11:41:02', 1, 'Fetched distinct years for category filters successfully for JpcTheDecoder.'),
(852, 2, '2024-11-27 11:42:33', 1, 'Fetched categories for category table successfully for JpcTheDecoder.'),
(853, 2, '2024-11-27 11:42:33', 1, 'Fetched distinct years for category filters successfully for JpcTheDecoder.'),
(854, 2, '2024-11-27 11:43:06', 1, 'Category added successfully for JpcTheDecoder. Deposit ID: 2'),
(855, 2, '2024-11-27 11:43:06', 1, 'Category details fetched successfully for JpcTheDecoder. Category ID: 2'),
(856, 2, '2024-11-27 11:47:28', 1, 'Fetched categories for category table successfully for JpcTheDecoder.'),
(857, 2, '2024-11-27 11:47:28', 1, 'Fetched distinct years for category filters successfully for JpcTheDecoder.'),
(858, 2, '2024-11-27 11:47:43', 1, 'Category added successfully for JpcTheDecoder. Deposit ID: 3'),
(859, 2, '2024-11-27 11:47:43', 1, 'Category details fetched successfully for JpcTheDecoder. Category ID: 3'),
(860, 2, '2024-11-27 11:49:38', 1, 'Fetched categories for category table successfully for JpcTheDecoder.'),
(861, 2, '2024-11-27 11:49:38', 1, 'Fetched distinct years for category filters successfully for JpcTheDecoder.'),
(862, 2, '2024-11-27 11:59:07', 1, 'Fetched categories for category table successfully for JpcTheDecoder.'),
(863, 2, '2024-11-27 11:59:07', 1, 'Fetched distinct years for category filters successfully for JpcTheDecoder.'),
(864, 2, '2024-11-27 11:59:14', 1, 'Fetched categories for category table successfully for JpcTheDecoder.'),
(865, 2, '2024-11-27 11:59:14', 1, 'Fetched distinct years for category filters successfully for JpcTheDecoder.'),
(866, 2, '2024-11-27 12:00:49', 1, 'Fetched categories for category table successfully for JpcTheDecoder.'),
(867, 2, '2024-11-27 12:00:49', 1, 'Fetched distinct years for category filters successfully for JpcTheDecoder.'),
(868, 2, '2024-11-27 12:01:29', 1, 'Fetched categories for category table successfully for JpcTheDecoder.'),
(869, 2, '2024-11-27 12:01:29', 1, 'Fetched distinct years for category filters successfully for JpcTheDecoder.'),
(870, 2, '2024-11-27 12:01:42', 1, 'Fetched categories for category table successfully for JpcTheDecoder.'),
(871, 2, '2024-11-27 12:01:42', 1, 'Fetched distinct years for category filters successfully for JpcTheDecoder.'),
(872, 2, '2024-11-27 12:02:22', 1, 'Fetched categories for category table successfully for JpcTheDecoder.'),
(873, 2, '2024-11-27 12:02:22', 1, 'Fetched distinct years for category filters successfully for JpcTheDecoder.'),
(874, 2, '2024-11-27 12:05:53', 1, 'Fetched categories for category table successfully for JpcTheDecoder.'),
(875, 2, '2024-11-27 12:05:53', 1, 'Fetched distinct years for category filters successfully for JpcTheDecoder.'),
(876, 2, '2024-11-27 12:10:55', 1, 'Fetched categories for category table successfully for JpcTheDecoder.'),
(877, 2, '2024-11-27 12:10:55', 1, 'Fetched distinct years for category filters successfully for JpcTheDecoder.'),
(878, 2, '2024-11-27 12:11:57', 1, 'Fetched categories for category table successfully for JpcTheDecoder.'),
(879, 2, '2024-11-27 12:11:57', 1, 'Fetched distinct years for category filters successfully for JpcTheDecoder.'),
(880, 2, '2024-11-27 12:12:20', 1, 'Fetched categories for category table successfully for JpcTheDecoder.'),
(881, 2, '2024-11-27 12:12:20', 1, 'Fetched distinct years for category filters successfully for JpcTheDecoder.'),
(882, 2, '2024-11-27 12:12:35', 1, 'Fetched categories for category table successfully for JpcTheDecoder.'),
(883, 2, '2024-11-27 12:12:35', 1, 'Fetched distinct years for category filters successfully for JpcTheDecoder.'),
(884, 2, '2024-11-27 12:13:24', 1, 'Fetched categories for category table successfully for JpcTheDecoder.'),
(885, 2, '2024-11-27 12:13:24', 1, 'Fetched distinct years for category filters successfully for JpcTheDecoder.'),
(886, 2, '2024-11-27 12:14:03', 1, 'Fetched categories for category table successfully for JpcTheDecoder.'),
(887, 2, '2024-11-27 12:14:03', 1, 'Fetched distinct years for category filters successfully for JpcTheDecoder.'),
(888, 2, '2024-11-27 12:14:32', 1, 'Fetched categories for category table successfully for JpcTheDecoder.'),
(889, 2, '2024-11-27 12:14:32', 1, 'Fetched distinct years for category filters successfully for JpcTheDecoder.'),
(890, 2, '2024-11-27 12:14:44', 1, 'Fetched categories for category table successfully for JpcTheDecoder.'),
(891, 2, '2024-11-27 12:14:44', 1, 'Fetched distinct years for category filters successfully for JpcTheDecoder.'),
(892, 2, '2024-11-27 12:15:12', 1, 'Fetched categories for category table successfully for JpcTheDecoder.'),
(893, 2, '2024-11-27 12:15:12', 1, 'Fetched distinct years for category filters successfully for JpcTheDecoder.'),
(894, 2, '2024-11-27 12:15:17', 1, 'Fetched categories for category table successfully for JpcTheDecoder.'),
(895, 2, '2024-11-27 12:15:17', 1, 'Fetched distinct years for category filters successfully for JpcTheDecoder.'),
(896, 2, '2024-11-27 12:16:05', 1, 'Fetched categories for category table successfully for JpcTheDecoder.'),
(897, 2, '2024-11-27 12:16:05', 1, 'Fetched distinct years for category filters successfully for JpcTheDecoder.'),
(898, 2, '2024-11-27 12:16:05', 1, 'Fetched categories for category table successfully for JpcTheDecoder.'),
(899, 2, '2024-11-27 12:16:05', 1, 'Fetched distinct years for category filters successfully for JpcTheDecoder.'),
(900, 2, '2024-11-27 12:17:04', 1, 'Fetched categories for category table successfully for JpcTheDecoder.'),
(901, 2, '2024-11-27 12:17:04', 1, 'Fetched distinct years for category filters successfully for JpcTheDecoder.'),
(902, 2, '2024-11-27 12:17:18', 1, 'Fetched categories for category table successfully for JpcTheDecoder.'),
(903, 2, '2024-11-27 12:17:18', 1, 'Fetched distinct years for category filters successfully for JpcTheDecoder.'),
(904, 2, '2024-11-27 12:17:35', 1, 'Category updated successfully for JpcTheDecoder. Category ID: 3 '),
(905, 2, '2024-11-27 12:17:35', 1, 'Updated category data retrieved successfully for JpcTheDecoder. Category ID: 3.'),
(906, 2, '2024-11-27 12:18:31', 1, 'Fetched categories for category table successfully for JpcTheDecoder.'),
(907, 2, '2024-11-27 12:18:31', 1, 'Fetched distinct years for category filters successfully for JpcTheDecoder.'),
(908, 2, '2024-11-27 12:18:45', 1, 'Fetched categories for category table successfully for JpcTheDecoder.'),
(909, 2, '2024-11-27 12:18:45', 1, 'Fetched distinct years for category filters successfully for JpcTheDecoder.'),
(910, 2, '2024-11-27 12:20:22', 1, 'Fetched categories for category table successfully for JpcTheDecoder.'),
(911, 2, '2024-11-27 12:20:22', 1, 'Fetched distinct years for category filters successfully for JpcTheDecoder.'),
(912, 2, '2024-11-27 12:20:28', 1, 'Fetched categories for category table successfully for JpcTheDecoder.'),
(913, 2, '2024-11-27 12:20:28', 1, 'Fetched distinct years for category filters successfully for JpcTheDecoder.'),
(914, 2, '2024-11-27 12:20:35', 1, 'Category updated successfully for JpcTheDecoder. Category ID: 3 '),
(915, 2, '2024-11-27 12:20:35', 1, 'Updated category data retrieved successfully for JpcTheDecoder. Category ID: 3.'),
(916, 2, '2024-11-27 12:20:46', 1, 'Fetched categories for category table successfully for JpcTheDecoder.'),
(917, 2, '2024-11-27 12:20:46', 1, 'Fetched distinct years for category filters successfully for JpcTheDecoder.'),
(918, 2, '2024-11-27 12:20:48', 1, 'Fetched categories for category table successfully for JpcTheDecoder.'),
(919, 2, '2024-11-27 12:20:48', 1, 'Fetched distinct years for category filters successfully for JpcTheDecoder.'),
(920, 2, '2024-11-27 12:20:52', 1, 'Category updated successfully for JpcTheDecoder. Category ID: 3 '),
(921, 2, '2024-11-27 12:20:52', 1, 'Updated category data retrieved successfully for JpcTheDecoder. Category ID: 3.'),
(922, 2, '2024-11-27 12:20:58', 1, 'Category deleted successfully for JpcTheDecoder. Category ID 3'),
(923, 2, '2024-11-27 12:21:39', 1, 'Fetched categories for category table successfully for JpcTheDecoder.'),
(924, 2, '2024-11-27 12:21:39', 1, 'Fetched distinct years for category filters successfully for JpcTheDecoder.'),
(925, 2, '2024-11-27 12:21:39', 1, 'Fetched categories for category table successfully for JpcTheDecoder.'),
(926, 2, '2024-11-27 12:21:39', 1, 'Fetched distinct years for category filters successfully for JpcTheDecoder.'),
(927, 2, '2024-11-27 12:22:34', 1, 'Fetched categories for category table successfully for JpcTheDecoder.'),
(928, 2, '2024-11-27 12:22:34', 1, 'Fetched distinct years for category filters successfully for JpcTheDecoder.'),
(929, 2, '2024-11-27 12:22:34', 1, 'Fetched categories for category table successfully for JpcTheDecoder.'),
(930, 2, '2024-11-27 12:22:34', 1, 'Fetched distinct years for category filters successfully for JpcTheDecoder.'),
(931, 2, '2024-11-27 12:23:41', 1, 'Fetched categories for category table successfully for JpcTheDecoder.'),
(932, 2, '2024-11-27 12:23:41', 1, 'Fetched distinct years for category filters successfully for JpcTheDecoder.'),
(933, 2, '2024-11-27 12:23:41', 1, 'Fetched categories for category table successfully for JpcTheDecoder.'),
(934, 2, '2024-11-27 12:23:41', 1, 'Fetched distinct years for category filters successfully for JpcTheDecoder.'),
(935, 2, '2024-11-27 12:23:56', 1, 'Fetched categories for category table successfully for JpcTheDecoder.'),
(936, 2, '2024-11-27 12:23:56', 1, 'Fetched distinct years for category filters successfully for JpcTheDecoder.'),
(937, 2, '2024-11-27 12:23:56', 1, 'Fetched categories for category table successfully for JpcTheDecoder.'),
(938, 2, '2024-11-27 12:23:56', 1, 'Fetched distinct years for category filters successfully for JpcTheDecoder.'),
(939, 2, '2024-11-27 12:24:15', 1, 'User JpcTheDecoder logged out'),
(940, 8, '2024-11-27 12:24:21', 1, 'User root logged in successfully.'),
(941, 8, '2024-11-27 13:00:41', 1, 'User root logged out'),
(942, 2, '2024-11-27 13:00:50', 1, 'User JpcTheDecoder logged in successfully.'),
(943, 2, '2024-11-27 13:00:50', 1, 'Dashboard data fetched for JpcTheDecoder. Dashboard ID: 1'),
(944, 2, '2024-11-27 13:00:50', 1, 'Dashboard data fetched for JpcTheDecoder. Dashboard ID: 1'),
(945, 2, '2024-11-27 13:00:52', 1, 'Fetched categories for category table successfully for JpcTheDecoder.'),
(946, 2, '2024-11-27 13:00:52', 1, 'Fetched distinct years for category filters successfully for JpcTheDecoder.'),
(947, 2, '2024-11-27 13:01:00', 1, 'Category updated successfully for JpcTheDecoder. Category ID: 1 '),
(948, 2, '2024-11-27 13:01:00', 1, 'Updated category data retrieved successfully for JpcTheDecoder. Category ID: 1.'),
(949, 2, '2024-11-27 13:01:32', 1, 'Fetched categories for category table successfully for JpcTheDecoder.'),
(950, 2, '2024-11-27 13:01:32', 1, 'Fetched distinct years for category filters successfully for JpcTheDecoder.'),
(951, 2, '2024-11-27 13:01:32', 1, 'Dashboard data fetched for JpcTheDecoder. Dashboard ID: 1'),
(952, 2, '2024-11-27 13:01:43', 1, 'Fetched expenses for expense table successfully for JpcTheDecoder.'),
(953, 2, '2024-11-27 13:01:43', 1, 'Fetched distinct categories for expense filters successfully for JpcTheDecoder.'),
(954, 2, '2024-11-27 13:01:43', 1, 'Fetched distinct years for expense filters successfully for JpcTheDecoder.'),
(955, 2, '2024-11-27 13:01:45', 1, 'Fetched categories for category table successfully for JpcTheDecoder.'),
(956, 2, '2024-11-27 13:01:45', 1, 'Fetched distinct years for category filters successfully for JpcTheDecoder.'),
(957, 2, '2024-11-27 13:01:58', 1, 'Category updated successfully for JpcTheDecoder. Category ID: 1 '),
(958, 2, '2024-11-27 13:01:58', 1, 'Updated category data retrieved successfully for JpcTheDecoder. Category ID: 1.'),
(959, 2, '2024-11-27 13:03:02', 1, 'Dashboard data fetched for JpcTheDecoder. Dashboard ID: 1'),
(960, 2, '2024-11-27 13:03:08', 1, 'Fetched categories for category table successfully for JpcTheDecoder.'),
(961, 2, '2024-11-27 13:03:08', 1, 'Fetched distinct years for category filters successfully for JpcTheDecoder.'),
(962, 2, '2024-11-27 13:03:14', 1, 'Fetched deposits for deposit table successfully for JpcTheDecoder.'),
(963, 2, '2024-11-27 13:03:14', 1, 'Fetched distinct categories for deposit filters successfully for JpcTheDecoder.'),
(964, 2, '2024-11-27 13:03:14', 1, 'Fetched distinct years for deposit filters successfully for JpcTheDecoder.'),
(965, 2, '2024-11-27 13:03:19', 1, 'Fetched categories for category table successfully for JpcTheDecoder.'),
(966, 2, '2024-11-27 13:03:19', 1, 'Fetched distinct years for category filters successfully for JpcTheDecoder.'),
(967, 2, '2024-11-27 13:03:37', 1, 'Category updated successfully for JpcTheDecoder. Category ID: 1 '),
(968, 2, '2024-11-27 13:03:37', 1, 'Updated category data retrieved successfully for JpcTheDecoder. Category ID: 1.'),
(969, 2, '2024-11-27 13:03:43', 1, 'Fetched categories for category table successfully for JpcTheDecoder.'),
(970, 2, '2024-11-27 13:03:43', 1, 'Fetched distinct years for category filters successfully for JpcTheDecoder.'),
(971, 2, '2024-11-27 13:03:45', 1, 'Fetched deposits for deposit table successfully for JpcTheDecoder.'),
(972, 2, '2024-11-27 13:03:45', 1, 'Fetched distinct categories for deposit filters successfully for JpcTheDecoder.'),
(973, 2, '2024-11-27 13:03:45', 1, 'Fetched distinct years for deposit filters successfully for JpcTheDecoder.'),
(974, 2, '2024-11-27 13:03:50', 1, 'Fetched categories for category table successfully for JpcTheDecoder.'),
(975, 2, '2024-11-27 13:03:51', 1, 'Fetched distinct years for category filters successfully for JpcTheDecoder.'),
(976, 2, '2024-11-27 13:04:01', 1, 'Fetched categories for category table successfully for JpcTheDecoder.'),
(977, 2, '2024-11-27 13:04:01', 1, 'Fetched distinct years for category filters successfully for JpcTheDecoder.'),
(978, 2, '2024-11-27 13:04:01', 1, 'Dashboard data fetched for JpcTheDecoder. Dashboard ID: 1'),
(979, 2, '2024-11-27 13:04:11', 1, 'Fetched categories for category table successfully for JpcTheDecoder.'),
(980, 2, '2024-11-27 13:04:12', 1, 'Fetched distinct years for category filters successfully for JpcTheDecoder.'),
(981, 2, '2024-11-27 13:04:12', 1, 'Dashboard data fetched for JpcTheDecoder. Dashboard ID: 1'),
(982, 2, '2024-11-27 13:04:14', 1, 'Fetched deposits for deposit table successfully for JpcTheDecoder.'),
(983, 2, '2024-11-27 13:04:14', 1, 'Fetched distinct categories for deposit filters successfully for JpcTheDecoder.'),
(984, 2, '2024-11-27 13:04:14', 1, 'Fetched distinct years for deposit filters successfully for JpcTheDecoder.'),
(985, 2, '2024-11-27 13:04:15', 1, 'Fetched categories for category table successfully for JpcTheDecoder.'),
(986, 2, '2024-11-27 13:04:15', 1, 'Fetched distinct years for category filters successfully for JpcTheDecoder.'),
(987, 2, '2024-11-27 13:04:18', 1, 'Category updated successfully for JpcTheDecoder. Category ID: 1 '),
(988, 2, '2024-11-27 13:04:18', 1, 'Updated category data retrieved successfully for JpcTheDecoder. Category ID: 1.'),
(989, 2, '2024-11-27 13:04:20', 1, 'Fetched deposits for deposit table successfully for JpcTheDecoder.'),
(990, 2, '2024-11-27 13:04:20', 1, 'Fetched distinct categories for deposit filters successfully for JpcTheDecoder.'),
(991, 2, '2024-11-27 13:04:20', 1, 'Fetched distinct years for deposit filters successfully for JpcTheDecoder.'),
(992, 2, '2024-11-27 13:04:22', 1, 'Fetched expenses for expense table successfully for JpcTheDecoder.');
INSERT INTO `logs` (`id`, `user_id`, `created_at`, `status`, `description`) VALUES
(993, 2, '2024-11-27 13:04:22', 1, 'Fetched distinct categories for expense filters successfully for JpcTheDecoder.'),
(994, 2, '2024-11-27 13:04:22', 1, 'Fetched distinct years for expense filters successfully for JpcTheDecoder.'),
(995, 2, '2024-11-27 13:04:35', 1, 'User JpcTheDecoder logged out'),
(996, 8, '2024-11-27 13:04:40', 1, 'User root logged in successfully.'),
(997, 8, '2024-11-27 13:04:43', 1, 'User root logged out'),
(998, 8, '2024-11-27 13:04:57', 1, 'User root logged in successfully.'),
(999, 8, '2024-11-27 13:08:45', 1, 'User root logged out'),
(1000, NULL, '2024-11-27 13:09:00', 0, 'Failed login attempt for username: JpcTheDecoder. Incorrect password.'),
(1001, 2, '2024-11-27 13:09:06', 1, 'User JpcTheDecoder logged in successfully.'),
(1002, 2, '2024-11-27 13:09:06', 1, 'Dashboard data fetched for JpcTheDecoder. Dashboard ID: 1'),
(1003, 2, '2024-11-27 13:09:08', 1, 'Fetched categories for category table successfully for JpcTheDecoder.'),
(1004, 2, '2024-11-27 13:09:08', 1, 'Fetched distinct years for category filters successfully for JpcTheDecoder.'),
(1005, 2, '2024-11-27 13:09:12', 1, 'Category updated successfully for JpcTheDecoder. Category ID: 1'),
(1006, 2, '2024-11-27 13:09:12', 1, 'Updated category data retrieved successfully for JpcTheDecoder. Category ID: 1.'),
(1007, 2, '2024-11-27 13:10:17', 1, 'Category updated successfully for JpcTheDecoder. Category ID: 1'),
(1008, 2, '2024-11-27 13:10:17', 1, 'Updated category data retrieved successfully for JpcTheDecoder. Category ID: 1.'),
(1009, 2, '2024-11-27 13:15:07', 1, 'Fetched categories for category table successfully for JpcTheDecoder.'),
(1010, 2, '2024-11-27 13:15:07', 1, 'Fetched distinct years for category filters successfully for JpcTheDecoder.'),
(1011, 2, '2024-11-27 13:15:11', 1, 'Category updated successfully for JpcTheDecoder. Category ID: 1'),
(1012, 2, '2024-11-27 13:15:11', 1, 'Updated category data retrieved successfully for JpcTheDecoder. Category ID: 1.'),
(1013, 2, '2024-11-27 13:15:18', 1, 'Fetched deposits for deposit table successfully for JpcTheDecoder.'),
(1014, 2, '2024-11-27 13:15:18', 1, 'Fetched distinct categories for deposit filters successfully for JpcTheDecoder.'),
(1015, 2, '2024-11-27 13:15:18', 1, 'Fetched distinct years for deposit filters successfully for JpcTheDecoder.'),
(1016, 2, '2024-11-27 13:16:03', 1, 'Fetched expenses for expense table successfully for JpcTheDecoder.'),
(1017, 2, '2024-11-27 13:16:03', 1, 'Fetched distinct categories for expense filters successfully for JpcTheDecoder.'),
(1018, 2, '2024-11-27 13:16:03', 1, 'Fetched distinct years for expense filters successfully for JpcTheDecoder.'),
(1019, 2, '2024-11-27 13:16:04', 1, 'Fetched categories for category table successfully for JpcTheDecoder.'),
(1020, 2, '2024-11-27 13:16:04', 1, 'Fetched distinct years for category filters successfully for JpcTheDecoder.'),
(1021, 2, '2024-11-27 13:16:09', 1, 'Category updated successfully for JpcTheDecoder. Category ID: 1'),
(1022, 2, '2024-11-27 13:16:09', 1, 'Updated category data retrieved successfully for JpcTheDecoder. Category ID: 1.'),
(1023, 2, '2024-11-27 13:16:09', 1, 'Updated category name for deposit records of JpcTheDecoder. Category ID: 1.'),
(1024, 2, '2024-11-27 13:16:09', 1, 'Updated category name for expense records of JpcTheDecoder. Category ID: 1.'),
(1025, 2, '2024-11-27 13:16:13', 1, 'Category updated successfully for JpcTheDecoder. Category ID: 1'),
(1026, 2, '2024-11-27 13:16:13', 1, 'Updated category data retrieved successfully for JpcTheDecoder. Category ID: 1.'),
(1027, 2, '2024-11-27 13:16:13', 1, 'Updated category name for deposit records of JpcTheDecoder. Category ID: 1.'),
(1028, 2, '2024-11-27 13:16:13', 1, 'Updated category name for expense records of JpcTheDecoder. Category ID: 1.'),
(1029, 2, '2024-11-27 13:16:20', 1, 'Fetched deposits for deposit table successfully for JpcTheDecoder.'),
(1030, 2, '2024-11-27 13:16:20', 1, 'Fetched distinct categories for deposit filters successfully for JpcTheDecoder.'),
(1031, 2, '2024-11-27 13:16:20', 1, 'Fetched distinct years for deposit filters successfully for JpcTheDecoder.'),
(1032, 2, '2024-11-27 13:17:07', 1, 'Fetched expenses for expense table successfully for JpcTheDecoder.'),
(1033, 2, '2024-11-27 13:17:07', 1, 'Fetched distinct categories for expense filters successfully for JpcTheDecoder.'),
(1034, 2, '2024-11-27 13:17:07', 1, 'Fetched distinct years for expense filters successfully for JpcTheDecoder.'),
(1035, 2, '2024-11-27 13:17:13', 1, 'Fetched categories for category table successfully for JpcTheDecoder.'),
(1036, 2, '2024-11-27 13:17:13', 1, 'Fetched distinct years for category filters successfully for JpcTheDecoder.'),
(1037, 2, '2024-11-27 13:17:13', 1, 'Fetched categories for category table successfully for JpcTheDecoder.'),
(1038, 2, '2024-11-27 13:17:13', 1, 'Fetched distinct years for category filters successfully for JpcTheDecoder.'),
(1039, 2, '2024-11-27 13:18:43', 1, 'Fetched categories for category table successfully for JpcTheDecoder.'),
(1040, 2, '2024-11-27 13:18:43', 1, 'Fetched distinct years for category filters successfully for JpcTheDecoder.'),
(1041, 2, '2024-11-27 13:20:37', 1, 'Fetched categories for category table successfully for JpcTheDecoder.'),
(1042, 2, '2024-11-27 13:20:37', 1, 'Fetched distinct years for category filters successfully for JpcTheDecoder.'),
(1043, 2, '2024-11-27 13:21:36', 1, 'Category updated successfully for JpcTheDecoder. Category ID: 1'),
(1044, 2, '2024-11-27 13:21:36', 1, 'Updated category data retrieved successfully for JpcTheDecoder. Category ID: 1.'),
(1045, 2, '2024-11-27 13:21:36', 1, 'Updated category name for deposit records of JpcTheDecoder. Category ID: 1.'),
(1046, 2, '2024-11-27 13:21:36', 1, 'Updated category name for expense records of JpcTheDecoder. Category ID: 1.'),
(1047, 2, '2024-11-27 13:21:39', 1, 'Fetched deposits for deposit table successfully for JpcTheDecoder.'),
(1048, 2, '2024-11-27 13:21:39', 1, 'Fetched distinct categories for deposit filters successfully for JpcTheDecoder.'),
(1049, 2, '2024-11-27 13:21:39', 1, 'Fetched distinct years for deposit filters successfully for JpcTheDecoder.'),
(1050, 2, '2024-11-27 13:21:42', 1, 'Fetched expenses for expense table successfully for JpcTheDecoder.'),
(1051, 2, '2024-11-27 13:21:42', 1, 'Fetched distinct categories for expense filters successfully for JpcTheDecoder.'),
(1052, 2, '2024-11-27 13:21:42', 1, 'Fetched distinct years for expense filters successfully for JpcTheDecoder.'),
(1053, 2, '2024-11-27 13:23:41', 1, 'Dashboard data fetched for JpcTheDecoder. Dashboard ID: 1'),
(1054, 2, '2024-11-27 13:27:14', 1, 'Dashboard data fetched for JpcTheDecoder. Dashboard ID: 1'),
(1055, 2, '2024-11-27 13:28:59', 1, 'Dashboard data fetched for JpcTheDecoder. Dashboard ID: 1'),
(1056, 2, '2024-11-27 13:30:29', 1, 'Dashboard data fetched for JpcTheDecoder. Dashboard ID: 1'),
(1057, 2, '2024-11-27 13:38:10', 1, 'Dashboard data fetched for JpcTheDecoder. Dashboard ID: 1'),
(1058, 2, '2024-11-27 13:38:16', 1, 'Fetched distinct years for category filters successfully for JpcTheDecoder.'),
(1059, 2, '2024-11-27 13:38:21', 1, 'Fetched deposits for deposit table successfully for JpcTheDecoder.'),
(1060, 2, '2024-11-27 13:38:21', 1, 'Fetched categories from category table for deposit filters and CRUD options successfully for JpcTheDecoder.'),
(1061, 2, '2024-11-27 13:38:21', 1, 'Fetched distinct years for deposit filters successfully for JpcTheDecoder.'),
(1062, 2, '2024-11-27 13:39:25', 1, 'Fetched deposits for deposit table successfully for JpcTheDecoder.'),
(1063, 2, '2024-11-27 13:39:25', 1, 'Fetched categories from category table for deposit filters and CRUD options successfully for JpcTheDecoder.'),
(1064, 2, '2024-11-27 13:39:25', 1, 'Fetched distinct years for deposit filters successfully for JpcTheDecoder.'),
(1065, 2, '2024-11-27 13:39:43', 1, 'Fetched deposits for deposit table successfully for JpcTheDecoder.'),
(1066, 2, '2024-11-27 13:39:43', 1, 'Fetched categories from category table for deposit filters and CRUD options successfully for JpcTheDecoder.'),
(1067, 2, '2024-11-27 13:39:43', 1, 'Fetched distinct years for deposit filters successfully for JpcTheDecoder.'),
(1068, 2, '2024-11-27 13:39:56', 1, 'Fetched deposits for deposit table successfully for JpcTheDecoder.'),
(1069, 2, '2024-11-27 13:39:56', 1, 'Fetched categories from category table for deposit filters and CRUD options successfully for JpcTheDecoder.'),
(1070, 2, '2024-11-27 13:39:56', 1, 'Fetched distinct years for deposit filters successfully for JpcTheDecoder.'),
(1071, 2, '2024-11-27 13:41:03', 1, 'Fetched deposits for deposit table successfully for JpcTheDecoder.'),
(1072, 2, '2024-11-27 13:41:03', 1, 'Fetched categories from category table for deposit filters and CRUD options successfully for JpcTheDecoder.'),
(1073, 2, '2024-11-27 13:41:03', 1, 'Fetched distinct years for deposit filters successfully for JpcTheDecoder.'),
(1074, 2, '2024-11-27 13:42:23', 1, 'Fetched deposits for deposit table successfully for JpcTheDecoder.'),
(1075, 2, '2024-11-27 13:42:23', 1, 'Fetched categories from category table for deposit filters and CRUD options successfully for JpcTheDecoder.'),
(1076, 2, '2024-11-27 13:42:23', 1, 'Fetched distinct years for deposit filters successfully for JpcTheDecoder.'),
(1077, 2, '2024-11-27 13:44:23', 1, 'Fetched deposits for deposit table successfully for JpcTheDecoder.'),
(1078, 2, '2024-11-27 13:44:23', 1, 'Fetched categories from category table for deposit filters and CRUD options successfully for JpcTheDecoder.'),
(1079, 2, '2024-11-27 13:44:23', 1, 'Fetched distinct years for deposit filters successfully for JpcTheDecoder.'),
(1080, 2, '2024-11-27 13:45:44', 1, 'Fetched deposits for deposit table successfully for JpcTheDecoder.'),
(1081, 2, '2024-11-27 13:45:44', 1, 'Fetched categories from category table for deposit filters and CRUD options successfully for JpcTheDecoder.'),
(1082, 2, '2024-11-27 13:45:44', 1, 'Fetched distinct years for deposit filters successfully for JpcTheDecoder.'),
(1083, 2, '2024-11-27 13:58:11', 1, 'Fetched deposits for deposit table successfully for JpcTheDecoder.'),
(1084, 2, '2024-11-27 13:58:11', 1, 'Fetched categories from category table for deposit filters and CRUD options successfully for JpcTheDecoder.'),
(1085, 2, '2024-11-27 13:58:11', 1, 'Fetched distinct years for deposit filters successfully for JpcTheDecoder.'),
(1086, 2, '2024-11-27 13:58:33', 1, 'Fetched deposits for deposit table successfully for JpcTheDecoder.'),
(1087, 2, '2024-11-27 13:58:33', 1, 'Fetched categories from category table for deposit filters and CRUD options successfully for JpcTheDecoder.'),
(1088, 2, '2024-11-27 13:58:33', 1, 'Fetched distinct years for deposit filters successfully for JpcTheDecoder.'),
(1089, 2, '2024-11-27 13:59:38', 1, 'Fetched deposits for deposit table successfully for JpcTheDecoder.'),
(1090, 2, '2024-11-27 13:59:38', 1, 'Fetched categories from category table for deposit filters and CRUD options successfully for JpcTheDecoder.'),
(1091, 2, '2024-11-27 13:59:38', 1, 'Fetched distinct years for deposit filters successfully for JpcTheDecoder.'),
(1092, 2, '2024-11-27 14:00:24', 1, 'Fetched deposits for deposit table successfully for JpcTheDecoder.'),
(1093, 2, '2024-11-27 14:00:24', 1, 'Fetched categories from category table for deposit filters and CRUD options successfully for JpcTheDecoder.'),
(1094, 2, '2024-11-27 14:00:24', 1, 'Fetched distinct years for deposit filters successfully for JpcTheDecoder.'),
(1095, 2, '2024-11-27 14:01:32', 1, 'Fetched deposits for deposit table successfully for JpcTheDecoder.'),
(1096, 2, '2024-11-27 14:01:32', 1, 'Fetched categories from category table for deposit filters and CRUD options successfully for JpcTheDecoder.'),
(1097, 2, '2024-11-27 14:01:32', 1, 'Fetched distinct years for deposit filters successfully for JpcTheDecoder.'),
(1098, 2, '2024-11-27 14:03:06', 1, 'Fetched deposits for deposit table successfully for JpcTheDecoder.'),
(1099, 2, '2024-11-27 14:03:06', 1, 'Fetched categories from category table for deposit filters and CRUD options successfully for JpcTheDecoder.'),
(1100, 2, '2024-11-27 14:03:06', 1, 'Fetched distinct years for deposit filters successfully for JpcTheDecoder.'),
(1101, 2, '2024-11-27 14:04:02', 1, 'Fetched deposits for deposit table successfully for JpcTheDecoder.'),
(1102, 2, '2024-11-27 14:04:02', 1, 'Fetched categories from category table for deposit filters and CRUD options successfully for JpcTheDecoder.'),
(1103, 2, '2024-11-27 14:04:02', 1, 'Fetched distinct years for deposit filters successfully for JpcTheDecoder.'),
(1104, 2, '2024-11-27 14:04:58', 1, 'Fetched deposits for deposit table successfully for JpcTheDecoder.'),
(1105, 2, '2024-11-27 14:04:58', 1, 'Fetched categories from category table for deposit filters and CRUD options successfully for JpcTheDecoder.'),
(1106, 2, '2024-11-27 14:04:58', 1, 'Fetched distinct years for deposit filters successfully for JpcTheDecoder.'),
(1107, 2, '2024-11-27 14:09:02', 1, 'Fetched deposits for deposit table successfully for JpcTheDecoder.'),
(1108, 2, '2024-11-27 14:09:02', 1, 'Fetched categories from category table for deposit filters and CRUD options successfully for JpcTheDecoder.'),
(1109, 2, '2024-11-27 14:09:02', 1, 'Fetched distinct years for deposit filters successfully for JpcTheDecoder.'),
(1110, 2, '2024-11-27 14:12:17', 1, 'Fetched deposits for deposit table successfully for JpcTheDecoder.'),
(1111, 2, '2024-11-27 14:12:17', 1, 'Fetched categories from category table for deposit filters and CRUD options successfully for JpcTheDecoder.'),
(1112, 2, '2024-11-27 14:12:17', 1, 'Fetched distinct years for deposit filters successfully for JpcTheDecoder.'),
(1113, 2, '2024-11-27 14:12:46', 1, 'Fetched deposits for deposit table successfully for JpcTheDecoder.'),
(1114, 2, '2024-11-27 14:12:46', 1, 'Fetched categories from category table for deposit filters and CRUD options successfully for JpcTheDecoder.'),
(1115, 2, '2024-11-27 14:12:46', 1, 'Fetched distinct years for deposit filters successfully for JpcTheDecoder.'),
(1116, 2, '2024-11-27 14:13:46', 1, 'Fetched deposits for deposit table successfully for JpcTheDecoder.'),
(1117, 2, '2024-11-27 14:13:46', 1, 'Fetched categories from category table for deposit filters and CRUD options successfully for JpcTheDecoder.'),
(1118, 2, '2024-11-27 14:13:46', 1, 'Fetched distinct years for deposit filters successfully for JpcTheDecoder.'),
(1119, 2, '2024-11-27 14:13:55', 1, 'Fetched deposits for deposit table successfully for JpcTheDecoder.'),
(1120, 2, '2024-11-27 14:13:55', 1, 'Fetched categories from category table for deposit filters and CRUD options successfully for JpcTheDecoder.'),
(1121, 2, '2024-11-27 14:13:55', 1, 'Fetched distinct years for deposit filters successfully for JpcTheDecoder.'),
(1122, 2, '2024-11-27 14:15:48', 1, 'Fetched deposits for deposit table successfully for JpcTheDecoder.'),
(1123, 2, '2024-11-27 14:15:48', 1, 'Fetched categories from category table for deposit filters and CRUD options successfully for JpcTheDecoder.'),
(1124, 2, '2024-11-27 14:15:48', 1, 'Fetched distinct years for deposit filters successfully for JpcTheDecoder.'),
(1125, 2, '2024-11-27 14:15:59', 1, 'Fetched deposits for deposit table successfully for JpcTheDecoder.'),
(1126, 2, '2024-11-27 14:15:59', 1, 'Fetched categories from category table for deposit filters and CRUD options successfully for JpcTheDecoder.'),
(1127, 2, '2024-11-27 14:15:59', 1, 'Fetched distinct years for deposit filters successfully for JpcTheDecoder.'),
(1128, 2, '2024-11-27 14:19:05', 1, 'Fetched deposits for deposit table successfully for JpcTheDecoder.'),
(1129, 2, '2024-11-27 14:19:05', 1, 'Fetched categories from category table for deposit filters and CRUD options successfully for JpcTheDecoder.'),
(1130, 2, '2024-11-27 14:19:05', 1, 'Fetched distinct years for deposit filters successfully for JpcTheDecoder.'),
(1131, 2, '2024-11-27 14:21:44', 1, 'Fetched deposits for deposit table successfully for JpcTheDecoder.'),
(1132, 2, '2024-11-27 14:21:44', 1, 'Fetched categories from category table for deposit filters and CRUD options successfully for JpcTheDecoder.'),
(1133, 2, '2024-11-27 14:21:44', 1, 'Fetched distinct years for deposit filters successfully for JpcTheDecoder.'),
(1134, 2, '2024-11-27 14:25:38', 1, 'Fetched deposits for deposit table successfully for JpcTheDecoder.'),
(1135, 2, '2024-11-27 14:25:38', 1, 'Fetched categories from category table for deposit filters and CRUD options successfully for JpcTheDecoder.'),
(1136, 2, '2024-11-27 14:25:38', 1, 'Fetched distinct years for deposit filters successfully for JpcTheDecoder.'),
(1137, 2, '2024-11-27 14:29:05', 1, 'Fetched deposits for deposit table successfully for JpcTheDecoder.'),
(1138, 2, '2024-11-27 14:29:05', 1, 'Fetched categories from category table for deposit filters and CRUD options successfully for JpcTheDecoder.'),
(1139, 2, '2024-11-27 14:29:05', 1, 'Fetched distinct years for deposit filters successfully for JpcTheDecoder.'),
(1140, 2, '2024-11-27 14:29:11', 1, 'Fetched deposits for deposit table successfully for JpcTheDecoder.'),
(1141, 2, '2024-11-27 14:29:11', 1, 'Fetched categories from category table for deposit filters and CRUD options successfully for JpcTheDecoder.'),
(1142, 2, '2024-11-27 14:29:11', 1, 'Fetched distinct years for deposit filters successfully for JpcTheDecoder.'),
(1143, 2, '2024-11-27 14:29:16', 1, 'Deposit record updated successfully for JpcTheDecoder. Deposit ID: 36 '),
(1144, 2, '2024-11-27 14:29:16', 1, 'Updated deposit data retrieved successfully for JpcTheDecoder. Deposit ID: 36.'),
(1145, 2, '2024-11-27 14:29:16', 1, 'Expense total retrieved successfully for JpcTheDecoder. Dashboard ID: 1'),
(1146, 2, '2024-11-27 14:29:16', 1, 'Dashboard updated successfully for JpcTheDecoder. Dashboard ID: 1'),
(1147, 2, '2024-11-27 14:29:16', 1, 'Fetched deposits for deposit table successfully for JpcTheDecoder.'),
(1148, 2, '2024-11-27 14:29:16', 1, 'Fetched categories from category table for deposit filters and CRUD options successfully for JpcTheDecoder.'),
(1149, 2, '2024-11-27 14:29:16', 1, 'Fetched distinct years for deposit filters successfully for JpcTheDecoder.'),
(1150, 2, '2024-11-27 14:37:49', 1, 'Fetched deposits for deposit table successfully for JpcTheDecoder.'),
(1151, 2, '2024-11-27 14:37:49', 1, 'Fetched categories from category table for deposit filters and CRUD options successfully for JpcTheDecoder.'),
(1152, 2, '2024-11-27 14:37:49', 1, 'Fetched distinct years for deposit filters successfully for JpcTheDecoder.'),
(1153, 2, '2024-11-27 14:39:24', 1, 'Fetched deposits for deposit table successfully for JpcTheDecoder.'),
(1154, 2, '2024-11-27 14:39:24', 1, 'Fetched categories from category table for deposit filters and CRUD options successfully for JpcTheDecoder.'),
(1155, 2, '2024-11-27 14:39:24', 1, 'Fetched distinct years for deposit filters successfully for JpcTheDecoder.'),
(1156, 2, '2024-11-27 14:40:37', 1, 'Fetched deposits for deposit table successfully for JpcTheDecoder.'),
(1157, 2, '2024-11-27 14:40:37', 1, 'Fetched categories from category table for deposit filters and CRUD options successfully for JpcTheDecoder.'),
(1158, 2, '2024-11-27 14:40:37', 1, 'Fetched distinct years for deposit filters successfully for JpcTheDecoder.'),
(1159, 2, '2024-11-27 14:41:07', 1, 'Deposit record updated successfully for JpcTheDecoder. Deposit ID: 36 '),
(1160, 2, '2024-11-27 14:41:07', 1, 'Updated deposit data retrieved successfully for JpcTheDecoder. Deposit ID: 36.'),
(1161, 2, '2024-11-27 14:41:07', 1, 'Expense total retrieved successfully for JpcTheDecoder. Dashboard ID: 1'),
(1162, 2, '2024-11-27 14:41:07', 1, 'Dashboard updated successfully for JpcTheDecoder. Dashboard ID: 1'),
(1163, 2, '2024-11-27 14:41:47', 1, 'Fetched deposits for deposit table successfully for JpcTheDecoder.'),
(1164, 2, '2024-11-27 14:41:47', 1, 'Fetched categories from category table for deposit filters and CRUD options successfully for JpcTheDecoder.'),
(1165, 2, '2024-11-27 14:41:47', 1, 'Fetched distinct years for deposit filters successfully for JpcTheDecoder.'),
(1166, 2, '2024-11-27 14:41:54', 1, 'Deposit record updated successfully for JpcTheDecoder. Deposit ID: 16 '),
(1167, 2, '2024-11-27 14:41:54', 1, 'Updated deposit data retrieved successfully for JpcTheDecoder. Deposit ID: 16.'),
(1168, 2, '2024-11-27 14:41:54', 1, 'Expense total retrieved successfully for JpcTheDecoder. Dashboard ID: 1'),
(1169, 2, '2024-11-27 14:41:54', 1, 'Dashboard updated successfully for JpcTheDecoder. Dashboard ID: 1'),
(1170, 2, '2024-11-27 14:48:26', 1, 'Fetched deposits for deposit table successfully for JpcTheDecoder.'),
(1171, 2, '2024-11-27 14:48:26', 1, 'Fetched categories from category table for deposit filters and CRUD options successfully for JpcTheDecoder.'),
(1172, 2, '2024-11-27 14:48:26', 1, 'Fetched distinct years for deposit filters successfully for JpcTheDecoder.'),
(1173, 2, '2024-11-27 14:48:57', 1, 'Fetched deposits for deposit table successfully for JpcTheDecoder.'),
(1174, 2, '2024-11-27 14:48:57', 1, 'Fetched categories from category table for deposit filters and CRUD options successfully for JpcTheDecoder.'),
(1175, 2, '2024-11-27 14:48:57', 1, 'Fetched distinct years for deposit filters successfully for JpcTheDecoder.'),
(1176, 2, '2024-11-27 14:49:17', 1, 'Fetched deposits for deposit table successfully for JpcTheDecoder.'),
(1177, 2, '2024-11-27 14:49:17', 1, 'Fetched categories from category table for deposit filters and CRUD options successfully for JpcTheDecoder.'),
(1178, 2, '2024-11-27 14:49:17', 1, 'Fetched distinct years for deposit filters successfully for JpcTheDecoder.'),
(1179, 2, '2024-11-27 14:49:38', 1, 'Fetched distinct years for category filters successfully for JpcTheDecoder.'),
(1180, 2, '2024-11-27 14:49:39', 1, 'Fetched expenses for expense table successfully for JpcTheDecoder.'),
(1181, 2, '2024-11-27 14:49:39', 1, 'Fetched categories from category table for deposit filters and CRUD options successfully for JpcTheDecoder.'),
(1182, 2, '2024-11-27 14:49:39', 1, 'Fetched distinct years for expense filters successfully for JpcTheDecoder.'),
(1183, 2, '2024-11-27 14:49:40', 1, 'Dashboard data fetched for JpcTheDecoder. Dashboard ID: 1'),
(1184, 2, '2024-11-27 14:49:41', 1, 'Fetched deposits for deposit table successfully for JpcTheDecoder.'),
(1185, 2, '2024-11-27 14:49:41', 1, 'Fetched categories from category table for deposit filters and CRUD options successfully for JpcTheDecoder.'),
(1186, 2, '2024-11-27 14:49:41', 1, 'Fetched distinct years for deposit filters successfully for JpcTheDecoder.'),
(1187, 2, '2024-11-27 14:49:42', 1, 'Fetched distinct years for category filters successfully for JpcTheDecoder.'),
(1188, 2, '2024-11-27 14:49:49', 1, 'Fetched deposits for deposit table successfully for JpcTheDecoder.'),
(1189, 2, '2024-11-27 14:49:49', 1, 'Fetched categories from category table for deposit filters and CRUD options successfully for JpcTheDecoder.'),
(1190, 2, '2024-11-27 14:49:49', 1, 'Fetched distinct years for deposit filters successfully for JpcTheDecoder.'),
(1191, 2, '2024-11-27 14:50:17', 1, 'Fetched deposits for deposit table successfully for JpcTheDecoder.'),
(1192, 2, '2024-11-27 14:50:17', 1, 'Fetched categories from category table for deposit filters and CRUD options successfully for JpcTheDecoder.'),
(1193, 2, '2024-11-27 14:50:17', 1, 'Fetched distinct years for deposit filters successfully for JpcTheDecoder.'),
(1194, 2, '2024-11-27 14:50:21', 1, 'Fetched deposits for deposit table successfully for JpcTheDecoder.'),
(1195, 2, '2024-11-27 14:50:21', 1, 'Fetched categories from category table for deposit filters and CRUD options successfully for JpcTheDecoder.'),
(1196, 2, '2024-11-27 14:50:21', 1, 'Fetched distinct years for deposit filters successfully for JpcTheDecoder.'),
(1197, 2, '2024-11-27 14:50:26', 1, 'Fetched deposits for deposit table successfully for JpcTheDecoder.'),
(1198, 2, '2024-11-27 14:50:26', 1, 'Fetched categories from category table for deposit filters and CRUD options successfully for JpcTheDecoder.'),
(1199, 2, '2024-11-27 14:50:26', 1, 'Fetched distinct years for deposit filters successfully for JpcTheDecoder.'),
(1200, 2, '2024-11-27 14:56:14', 1, 'Fetched deposits for deposit table successfully for JpcTheDecoder.'),
(1201, 2, '2024-11-27 14:56:14', 1, 'Fetched categories from category table for deposit filters and CRUD options successfully for JpcTheDecoder.'),
(1202, 2, '2024-11-27 14:56:14', 1, 'Fetched distinct years for deposit filters successfully for JpcTheDecoder.'),
(1203, 2, '2024-11-27 14:56:16', 1, 'Fetched deposits for deposit table successfully for JpcTheDecoder.'),
(1204, 2, '2024-11-27 14:56:16', 1, 'Fetched categories from category table for deposit filters and CRUD options successfully for JpcTheDecoder.'),
(1205, 2, '2024-11-27 14:56:16', 1, 'Fetched distinct years for deposit filters successfully for JpcTheDecoder.'),
(1206, 2, '2024-11-27 14:58:47', 1, 'Fetched deposits for deposit table successfully for JpcTheDecoder.'),
(1207, 2, '2024-11-27 14:58:47', 1, 'Fetched categories from category table for deposit filters and CRUD options successfully for JpcTheDecoder.'),
(1208, 2, '2024-11-27 14:58:47', 1, 'Fetched distinct years for deposit filters successfully for JpcTheDecoder.'),
(1209, 2, '2024-11-27 15:00:25', 1, 'Fetched deposits for deposit table successfully for JpcTheDecoder.'),
(1210, 2, '2024-11-27 15:00:25', 1, 'Fetched categories from category table for deposit filters and CRUD options successfully for JpcTheDecoder.'),
(1211, 2, '2024-11-27 15:00:25', 1, 'Fetched distinct years for deposit filters successfully for JpcTheDecoder.'),
(1212, 2, '2024-11-27 15:02:00', 1, 'Fetched deposits for deposit table successfully for JpcTheDecoder.'),
(1213, 2, '2024-11-27 15:02:00', 1, 'Fetched categories from category table for deposit filters and CRUD options successfully for JpcTheDecoder.'),
(1214, 2, '2024-11-27 15:02:00', 1, 'Fetched distinct years for deposit filters successfully for JpcTheDecoder.'),
(1215, 2, '2024-11-27 15:02:56', 1, 'Fetched deposits for deposit table successfully for JpcTheDecoder.'),
(1216, 2, '2024-11-27 15:02:56', 1, 'Fetched categories from category table for deposit filters and CRUD options successfully for JpcTheDecoder.'),
(1217, 2, '2024-11-27 15:02:56', 1, 'Fetched distinct years for deposit filters successfully for JpcTheDecoder.'),
(1218, 2, '2024-11-27 15:03:16', 1, 'Deposit added successfully for JpcTheDecoder. Deposit ID: 40'),
(1219, 2, '2024-11-27 15:03:16', 1, 'Deposit details fetched successfully for JpcTheDecoder. Deposit ID: 40'),
(1220, 2, '2024-11-27 15:04:32', 1, 'Fetched deposits for deposit table successfully for JpcTheDecoder.'),
(1221, 2, '2024-11-27 15:04:33', 1, 'Fetched categories from category table for deposit filters and CRUD options successfully for JpcTheDecoder.'),
(1222, 2, '2024-11-27 15:04:33', 1, 'Fetched distinct years for deposit filters successfully for JpcTheDecoder.'),
(1223, 2, '2024-11-27 15:04:49', 1, 'Deposit added successfully for JpcTheDecoder. Deposit ID: 41'),
(1224, 2, '2024-11-27 15:04:49', 1, 'Deposit details fetched successfully for JpcTheDecoder. Deposit ID: 41'),
(1225, 2, '2024-11-27 15:05:33', 1, 'Fetched deposits for deposit table successfully for JpcTheDecoder.'),
(1226, 2, '2024-11-27 15:05:33', 1, 'Fetched categories from category table for deposit filters and CRUD options successfully for JpcTheDecoder.'),
(1227, 2, '2024-11-27 15:05:33', 1, 'Fetched distinct years for deposit filters successfully for JpcTheDecoder.'),
(1228, 2, '2024-11-27 15:05:46', 1, 'Deposit deleted successfully for JpcTheDecoder. Deposit ID 41'),
(1229, 2, '2024-11-27 15:05:49', 1, 'Expense total retrieved successfully for JpcTheDecoder. Dashboard ID: 1'),
(1230, 2, '2024-11-27 15:05:51', 1, 'Dashboard updated successfully for JpcTheDecoder. Dashboard ID: 1'),
(1231, 2, '2024-11-27 15:05:55', 1, 'Deposit deleted successfully for JpcTheDecoder. Deposit ID 32'),
(1232, 2, '2024-11-27 15:05:57', 1, 'Expense total retrieved successfully for JpcTheDecoder. Dashboard ID: 1'),
(1233, 2, '2024-11-27 15:06:00', 1, 'Dashboard updated successfully for JpcTheDecoder. Dashboard ID: 1'),
(1234, 2, '2024-11-27 15:06:26', 1, 'Deposit added successfully for JpcTheDecoder. Deposit ID: 42'),
(1235, 2, '2024-11-27 15:06:26', 1, 'Deposit details fetched successfully for JpcTheDecoder. Deposit ID: 42'),
(1236, 2, '2024-11-27 15:06:28', 1, 'Expense total retrieved successfully for JpcTheDecoder. Dashboard ID: 1'),
(1237, 2, '2024-11-27 15:06:32', 1, 'Dashboard updated successfully for JpcTheDecoder. Dashboard ID: 1'),
(1238, 2, '2024-11-27 15:08:09', 1, 'Fetched deposits for deposit table successfully for JpcTheDecoder.'),
(1239, 2, '2024-11-27 15:08:09', 1, 'Fetched categories from category table for deposit filters and CRUD options successfully for JpcTheDecoder.'),
(1240, 2, '2024-11-27 15:08:09', 1, 'Fetched distinct years for deposit filters successfully for JpcTheDecoder.'),
(1241, 2, '2024-11-27 15:08:55', 1, 'Deposit added successfully for JpcTheDecoder. Deposit ID: 43'),
(1242, 2, '2024-11-27 15:08:55', 1, 'Deposit details fetched successfully for JpcTheDecoder. Deposit ID: 43'),
(1243, 2, '2024-11-27 15:08:55', 1, 'Expense total retrieved successfully for JpcTheDecoder. Dashboard ID: 1'),
(1244, 2, '2024-11-27 15:08:55', 1, 'Dashboard updated successfully for JpcTheDecoder. Dashboard ID: 1'),
(1245, 2, '2024-11-27 15:09:23', 1, 'Fetched deposits for deposit table successfully for JpcTheDecoder.'),
(1246, 2, '2024-11-27 15:09:23', 1, 'Fetched categories from category table for deposit filters and CRUD options successfully for JpcTheDecoder.'),
(1247, 2, '2024-11-27 15:09:23', 1, 'Fetched distinct years for deposit filters successfully for JpcTheDecoder.'),
(1248, 2, '2024-11-27 15:09:44', 1, 'Deposit record updated successfully for JpcTheDecoder. Deposit ID: 43 '),
(1249, 2, '2024-11-27 15:09:44', 1, 'Updated deposit data retrieved successfully for JpcTheDecoder. Deposit ID: 43.'),
(1250, 2, '2024-11-27 15:09:44', 1, 'Expense total retrieved successfully for JpcTheDecoder. Dashboard ID: 1'),
(1251, 2, '2024-11-27 15:09:44', 1, 'Dashboard updated successfully for JpcTheDecoder. Dashboard ID: 1'),
(1252, 2, '2024-11-27 15:09:49', 1, 'Deposit record updated successfully for JpcTheDecoder. Deposit ID: 42 '),
(1253, 2, '2024-11-27 15:09:49', 1, 'Updated deposit data retrieved successfully for JpcTheDecoder. Deposit ID: 42.'),
(1254, 2, '2024-11-27 15:09:49', 1, 'Expense total retrieved successfully for JpcTheDecoder. Dashboard ID: 1'),
(1255, 2, '2024-11-27 15:09:49', 1, 'Dashboard updated successfully for JpcTheDecoder. Dashboard ID: 1'),
(1256, 2, '2024-11-27 15:09:54', 1, 'Fetched distinct years for category filters successfully for JpcTheDecoder.'),
(1257, 2, '2024-11-27 15:09:56', 1, 'Fetched expenses for expense table successfully for JpcTheDecoder.'),
(1258, 2, '2024-11-27 15:09:56', 1, 'Fetched categories from category table for deposit filters and CRUD options successfully for JpcTheDecoder.'),
(1259, 2, '2024-11-27 15:09:56', 1, 'Fetched distinct years for expense filters successfully for JpcTheDecoder.'),
(1260, 2, '2024-11-27 15:09:57', 1, 'Fetched distinct years for category filters successfully for JpcTheDecoder.'),
(1261, 2, '2024-11-28 01:07:54', 1, 'Fetched distinct years for category filters successfully for JpcTheDecoder.'),
(1262, 2, '2024-11-28 01:08:01', 1, 'Dashboard data fetched for JpcTheDecoder. Dashboard ID: 1'),
(1263, 2, '2024-11-28 01:08:02', 1, 'Fetched expenses for expense table successfully for JpcTheDecoder.'),
(1264, 2, '2024-11-28 01:08:02', 1, 'Fetched categories from category table for deposit filters and CRUD options successfully for JpcTheDecoder.'),
(1265, 2, '2024-11-28 01:08:02', 1, 'Fetched distinct years for expense filters successfully for JpcTheDecoder.'),
(1266, 2, '2024-11-28 01:08:36', 1, 'Fetched expenses for expense table successfully for JpcTheDecoder.'),
(1267, 2, '2024-11-28 01:08:36', 1, 'Fetched categories from category table for deposit filters and CRUD options successfully for JpcTheDecoder.'),
(1268, 2, '2024-11-28 01:08:36', 1, 'Fetched distinct years for expense filters successfully for JpcTheDecoder.'),
(1269, 2, '2024-11-28 01:09:36', 1, 'Fetched expenses for expense table successfully for JpcTheDecoder.'),
(1270, 2, '2024-11-28 01:09:36', 1, 'Fetched categories from category table for deposit filters and CRUD options successfully for JpcTheDecoder.'),
(1271, 2, '2024-11-28 01:09:36', 1, 'Fetched distinct years for expense filters successfully for JpcTheDecoder.'),
(1272, 2, '2024-11-28 01:11:26', 1, 'Fetched expenses for expense table successfully for JpcTheDecoder.'),
(1273, 2, '2024-11-28 01:11:27', 1, 'Fetched categories from category table for deposit filters and CRUD options successfully for JpcTheDecoder.'),
(1274, 2, '2024-11-28 01:11:27', 1, 'Fetched distinct years for expense filters successfully for JpcTheDecoder.'),
(1275, 2, '2024-11-28 01:11:48', 1, 'Fetched expenses for expense table successfully for JpcTheDecoder.'),
(1276, 2, '2024-11-28 01:11:48', 1, 'Fetched categories from category table for deposit filters and CRUD options successfully for JpcTheDecoder.'),
(1277, 2, '2024-11-28 01:11:48', 1, 'Fetched distinct years for expense filters successfully for JpcTheDecoder.'),
(1278, 2, '2024-11-28 01:13:02', 1, 'Fetched expenses for expense table successfully for JpcTheDecoder.'),
(1279, 2, '2024-11-28 01:13:02', 1, 'Fetched categories from category table for deposit filters and CRUD options successfully for JpcTheDecoder.'),
(1280, 2, '2024-11-28 01:13:02', 1, 'Fetched distinct years for expense filters successfully for JpcTheDecoder.'),
(1281, 2, '2024-11-28 01:13:38', 1, 'Fetched expenses for expense table successfully for JpcTheDecoder.'),
(1282, 2, '2024-11-28 01:13:38', 1, 'Fetched categories from category table for deposit filters and CRUD options successfully for JpcTheDecoder.'),
(1283, 2, '2024-11-28 01:13:38', 1, 'Fetched distinct years for expense filters successfully for JpcTheDecoder.'),
(1284, 2, '2024-11-28 01:14:04', 1, 'Fetched expenses for expense table successfully for JpcTheDecoder.'),
(1285, 2, '2024-11-28 01:14:04', 1, 'Fetched categories from category table for deposit filters and CRUD options successfully for JpcTheDecoder.'),
(1286, 2, '2024-11-28 01:14:04', 1, 'Fetched distinct years for expense filters successfully for JpcTheDecoder.'),
(1287, 2, '2024-11-28 01:15:59', 1, 'Fetched expenses for expense table successfully for JpcTheDecoder.'),
(1288, 2, '2024-11-28 01:15:59', 1, 'Fetched categories from category table for deposit filters and CRUD options successfully for JpcTheDecoder.'),
(1289, 2, '2024-11-28 01:15:59', 1, 'Fetched distinct years for expense filters successfully for JpcTheDecoder.'),
(1290, 2, '2024-11-28 01:16:08', 1, 'Fetched expenses for expense table successfully for JpcTheDecoder.'),
(1291, 2, '2024-11-28 01:16:08', 1, 'Fetched categories from category table for deposit filters and CRUD options successfully for JpcTheDecoder.'),
(1292, 2, '2024-11-28 01:16:08', 1, 'Fetched distinct years for expense filters successfully for JpcTheDecoder.'),
(1293, 2, '2024-11-28 01:16:15', 1, 'Fetched expenses for expense table successfully for JpcTheDecoder.'),
(1294, 2, '2024-11-28 01:16:15', 1, 'Fetched categories from category table for deposit filters and CRUD options successfully for JpcTheDecoder.'),
(1295, 2, '2024-11-28 01:16:15', 1, 'Fetched distinct years for expense filters successfully for JpcTheDecoder.'),
(1296, 2, '2024-11-28 01:16:26', 1, 'Fetched expenses for expense table successfully for JpcTheDecoder.'),
(1297, 2, '2024-11-28 01:16:26', 1, 'Fetched categories from category table for deposit filters and CRUD options successfully for JpcTheDecoder.'),
(1298, 2, '2024-11-28 01:16:26', 1, 'Fetched distinct years for expense filters successfully for JpcTheDecoder.'),
(1299, 2, '2024-11-28 01:16:34', 1, 'Fetched expenses for expense table successfully for JpcTheDecoder.'),
(1300, 2, '2024-11-28 01:16:34', 1, 'Fetched categories from category table for deposit filters and CRUD options successfully for JpcTheDecoder.'),
(1301, 2, '2024-11-28 01:16:34', 1, 'Fetched distinct years for expense filters successfully for JpcTheDecoder.'),
(1302, 2, '2024-11-28 01:16:43', 1, 'Fetched expenses for expense table successfully for JpcTheDecoder.'),
(1303, 2, '2024-11-28 01:16:43', 1, 'Fetched categories from category table for deposit filters and CRUD options successfully for JpcTheDecoder.'),
(1304, 2, '2024-11-28 01:16:43', 1, 'Fetched distinct years for expense filters successfully for JpcTheDecoder.'),
(1305, 2, '2024-11-28 01:17:05', 1, 'Fetched expenses for expense table successfully for JpcTheDecoder.'),
(1306, 2, '2024-11-28 01:17:05', 1, 'Fetched categories from category table for deposit filters and CRUD options successfully for JpcTheDecoder.'),
(1307, 2, '2024-11-28 01:17:05', 1, 'Fetched distinct years for expense filters successfully for JpcTheDecoder.'),
(1308, 2, '2024-11-28 01:17:18', 1, 'Fetched expenses for expense table successfully for JpcTheDecoder.'),
(1309, 2, '2024-11-28 01:17:18', 1, 'Fetched categories from category table for deposit filters and CRUD options successfully for JpcTheDecoder.'),
(1310, 2, '2024-11-28 01:17:18', 1, 'Fetched distinct years for expense filters successfully for JpcTheDecoder.'),
(1311, 2, '2024-11-28 01:17:27', 1, 'Fetched expenses for expense table successfully for JpcTheDecoder.'),
(1312, 2, '2024-11-28 01:17:27', 1, 'Fetched categories from category table for deposit filters and CRUD options successfully for JpcTheDecoder.'),
(1313, 2, '2024-11-28 01:17:27', 1, 'Fetched distinct years for expense filters successfully for JpcTheDecoder.'),
(1314, 2, '2024-11-28 01:17:34', 1, 'Fetched expenses for expense table successfully for JpcTheDecoder.'),
(1315, 2, '2024-11-28 01:17:34', 1, 'Fetched categories from category table for deposit filters and CRUD options successfully for JpcTheDecoder.'),
(1316, 2, '2024-11-28 01:17:34', 1, 'Fetched distinct years for expense filters successfully for JpcTheDecoder.'),
(1317, 2, '2024-11-28 01:18:00', 1, 'Fetched expenses for expense table successfully for JpcTheDecoder.'),
(1318, 2, '2024-11-28 01:18:00', 1, 'Fetched categories from category table for deposit filters and CRUD options successfully for JpcTheDecoder.'),
(1319, 2, '2024-11-28 01:18:00', 1, 'Fetched distinct years for expense filters successfully for JpcTheDecoder.'),
(1320, 2, '2024-11-28 01:21:57', 1, 'Fetched expenses for expense table successfully for JpcTheDecoder.'),
(1321, 2, '2024-11-28 01:21:57', 1, 'Fetched categories from category table for deposit filters and CRUD options successfully for JpcTheDecoder.'),
(1322, 2, '2024-11-28 01:21:57', 1, 'Fetched distinct years for expense filters successfully for JpcTheDecoder.'),
(1323, 2, '2024-11-28 01:26:32', 1, 'Fetched expenses for expense table successfully for JpcTheDecoder.'),
(1324, 2, '2024-11-28 01:26:32', 1, 'Fetched categories from category table for deposit filters and CRUD options successfully for JpcTheDecoder.'),
(1325, 2, '2024-11-28 01:26:32', 1, 'Fetched distinct years for expense filters successfully for JpcTheDecoder.'),
(1326, 2, '2024-11-28 01:27:41', 1, 'Fetched expenses for expense table successfully for JpcTheDecoder.'),
(1327, 2, '2024-11-28 01:27:41', 1, 'Fetched categories from category table for deposit filters and CRUD options successfully for JpcTheDecoder.'),
(1328, 2, '2024-11-28 01:27:41', 1, 'Fetched distinct years for expense filters successfully for JpcTheDecoder.'),
(1329, 2, '2024-11-28 01:30:27', 1, 'Fetched expenses for expense table successfully for JpcTheDecoder.'),
(1330, 2, '2024-11-28 01:30:27', 1, 'Fetched categories from category table for deposit filters and CRUD options successfully for JpcTheDecoder.'),
(1331, 2, '2024-11-28 01:30:27', 1, 'Fetched distinct years for expense filters successfully for JpcTheDecoder.'),
(1332, 2, '2024-11-28 01:50:40', 1, 'Fetched expenses for expense table successfully for JpcTheDecoder.'),
(1333, 2, '2024-11-28 01:50:40', 1, 'Fetched categories from category table for deposit filters and CRUD options successfully for JpcTheDecoder.'),
(1334, 2, '2024-11-28 01:50:40', 1, 'Fetched distinct years for expense filters successfully for JpcTheDecoder.'),
(1335, 2, '2024-11-28 01:51:07', 1, 'Fetched expenses for expense table successfully for JpcTheDecoder.'),
(1336, 2, '2024-11-28 01:51:07', 1, 'Fetched categories from category table for deposit filters and CRUD options successfully for JpcTheDecoder.'),
(1337, 2, '2024-11-28 01:51:07', 1, 'Fetched distinct years for expense filters successfully for JpcTheDecoder.'),
(1338, 2, '2024-11-28 01:52:02', 1, 'Fetched expenses for expense table successfully for JpcTheDecoder.'),
(1339, 2, '2024-11-28 01:52:02', 1, 'Fetched categories from category table for deposit filters and CRUD options successfully for JpcTheDecoder.'),
(1340, 2, '2024-11-28 01:52:02', 1, 'Fetched distinct years for expense filters successfully for JpcTheDecoder.'),
(1341, 2, '2024-11-28 01:52:29', 1, 'Fetched expenses for expense table successfully for JpcTheDecoder.'),
(1342, 2, '2024-11-28 01:52:29', 1, 'Fetched categories from category table for deposit filters and CRUD options successfully for JpcTheDecoder.'),
(1343, 2, '2024-11-28 01:52:29', 1, 'Fetched distinct years for expense filters successfully for JpcTheDecoder.'),
(1344, 2, '2024-11-28 01:52:57', 1, 'Fetched expenses for expense table successfully for JpcTheDecoder.'),
(1345, 2, '2024-11-28 01:52:57', 1, 'Fetched categories from category table for deposit filters and CRUD options successfully for JpcTheDecoder.'),
(1346, 2, '2024-11-28 01:52:57', 1, 'Fetched distinct years for expense filters successfully for JpcTheDecoder.'),
(1347, 2, '2024-11-28 01:53:03', 1, 'Fetched expenses for expense table successfully for JpcTheDecoder.'),
(1348, 2, '2024-11-28 01:53:03', 1, 'Fetched categories from category table for deposit filters and CRUD options successfully for JpcTheDecoder.'),
(1349, 2, '2024-11-28 01:53:03', 1, 'Fetched distinct years for expense filters successfully for JpcTheDecoder.'),
(1350, 2, '2024-11-28 03:44:59', 1, 'Fetched expenses for expense table successfully for JpcTheDecoder.'),
(1351, 2, '2024-11-28 03:44:59', 1, 'Fetched categories from category table for deposit filters and CRUD options successfully for JpcTheDecoder.'),
(1352, 2, '2024-11-28 03:44:59', 1, 'Fetched distinct years for expense filters successfully for JpcTheDecoder.'),
(1353, 2, '2024-11-28 04:42:31', 1, 'Fetched distinct years for category filters successfully for JpcTheDecoder.'),
(1354, 2, '2024-11-28 04:42:36', 1, 'Fetched expenses for expense table successfully for JpcTheDecoder.'),
(1355, 2, '2024-11-28 04:42:36', 1, 'Fetched categories from category table for deposit filters and CRUD options successfully for JpcTheDecoder.'),
(1356, 2, '2024-11-28 04:42:36', 1, 'Fetched distinct years for expense filters successfully for JpcTheDecoder.'),
(1357, 2, '2024-11-28 04:42:38', 1, 'Fetched deposits for deposit table successfully for JpcTheDecoder.'),
(1358, 2, '2024-11-28 04:42:38', 1, 'Fetched categories from category table for deposit filters and CRUD options successfully for JpcTheDecoder.'),
(1359, 2, '2024-11-28 04:42:38', 1, 'Fetched distinct years for deposit filters successfully for JpcTheDecoder.'),
(1360, 2, '2024-11-28 04:42:49', 1, 'Deposit record updated successfully for JpcTheDecoder. Deposit ID: 16 '),
(1361, 2, '2024-11-28 04:42:49', 1, 'Updated deposit data retrieved successfully for JpcTheDecoder. Deposit ID: 16.'),
(1362, 2, '2024-11-28 04:42:49', 1, 'Expense total retrieved successfully for JpcTheDecoder. Dashboard ID: 1'),
(1363, 2, '2024-11-28 04:42:49', 1, 'Dashboard updated successfully for JpcTheDecoder. Dashboard ID: 1'),
(1364, 2, '2024-11-28 04:42:54', 1, 'Fetched expenses for expense table successfully for JpcTheDecoder.'),
(1365, 2, '2024-11-28 04:42:54', 1, 'Fetched categories from category table for deposit filters and CRUD options successfully for JpcTheDecoder.'),
(1366, 2, '2024-11-28 04:42:54', 1, 'Fetched distinct years for expense filters successfully for JpcTheDecoder.'),
(1367, 2, '2024-11-28 04:44:26', 1, 'Fetched expenses for expense table successfully for JpcTheDecoder.'),
(1368, 2, '2024-11-28 04:44:26', 1, 'Fetched categories from category table for deposit filters and CRUD options successfully for JpcTheDecoder.'),
(1369, 2, '2024-11-28 04:44:26', 1, 'Fetched distinct years for expense filters successfully for JpcTheDecoder.'),
(1370, 2, '2024-11-28 04:45:08', 1, 'Fetched expenses for expense table successfully for JpcTheDecoder.'),
(1371, 2, '2024-11-28 04:45:08', 1, 'Fetched categories from category table for deposit filters and CRUD options successfully for JpcTheDecoder.'),
(1372, 2, '2024-11-28 04:45:08', 1, 'Fetched distinct years for expense filters successfully for JpcTheDecoder.'),
(1373, 2, '2024-11-28 04:46:48', 1, 'Fetched expenses for expense table successfully for JpcTheDecoder.'),
(1374, 2, '2024-11-28 04:46:48', 1, 'Fetched categories from category table for deposit filters and CRUD options successfully for JpcTheDecoder.'),
(1375, 2, '2024-11-28 04:46:48', 1, 'Fetched distinct years for expense filters successfully for JpcTheDecoder.'),
(1376, 2, '2024-11-28 04:47:51', 1, 'Fetched expenses for expense table successfully for JpcTheDecoder.'),
(1377, 2, '2024-11-28 04:47:51', 1, 'Fetched categories from category table for deposit filters and CRUD options successfully for JpcTheDecoder.'),
(1378, 2, '2024-11-28 04:47:51', 1, 'Fetched distinct years for expense filters successfully for JpcTheDecoder.'),
(1379, 2, '2024-11-28 04:50:15', 1, 'Fetched expenses for expense table successfully for JpcTheDecoder.'),
(1380, 2, '2024-11-28 04:50:15', 1, 'Fetched categories from category table for deposit filters and CRUD options successfully for JpcTheDecoder.'),
(1381, 2, '2024-11-28 04:50:15', 1, 'Fetched distinct years for expense filters successfully for JpcTheDecoder.'),
(1382, 2, '2024-11-28 04:54:25', 1, 'Fetched expenses for expense table successfully for JpcTheDecoder.'),
(1383, 2, '2024-11-28 04:54:25', 1, 'Fetched categories from category table for deposit filters and CRUD options successfully for JpcTheDecoder.'),
(1384, 2, '2024-11-28 04:54:25', 1, 'Fetched distinct years for expense filters successfully for JpcTheDecoder.'),
(1385, 2, '2024-11-28 04:54:54', 1, 'Fetched expenses for expense table successfully for JpcTheDecoder.'),
(1386, 2, '2024-11-28 04:54:54', 1, 'Fetched categories from category table for deposit filters and CRUD options successfully for JpcTheDecoder.'),
(1387, 2, '2024-11-28 04:54:54', 1, 'Fetched distinct years for expense filters successfully for JpcTheDecoder.'),
(1388, 2, '2024-11-28 04:55:33', 1, 'Fetched expenses for expense table successfully for JpcTheDecoder.'),
(1389, 2, '2024-11-28 04:55:33', 1, 'Fetched categories from category table for deposit filters and CRUD options successfully for JpcTheDecoder.'),
(1390, 2, '2024-11-28 04:55:33', 1, 'Fetched distinct years for expense filters successfully for JpcTheDecoder.'),
(1391, 2, '2024-11-28 04:56:13', 1, 'Fetched expenses for expense table successfully for JpcTheDecoder.'),
(1392, 2, '2024-11-28 04:56:13', 1, 'Fetched categories from category table for deposit filters and CRUD options successfully for JpcTheDecoder.'),
(1393, 2, '2024-11-28 04:56:13', 1, 'Fetched distinct years for expense filters successfully for JpcTheDecoder.'),
(1394, 2, '2024-11-28 04:56:58', 1, 'Fetched expenses for expense table successfully for JpcTheDecoder.'),
(1395, 2, '2024-11-28 04:56:58', 1, 'Fetched categories from category table for deposit filters and CRUD options successfully for JpcTheDecoder.'),
(1396, 2, '2024-11-28 04:56:58', 1, 'Fetched distinct years for expense filters successfully for JpcTheDecoder.'),
(1397, 2, '2024-11-28 04:57:08', 1, 'Fetched expenses for expense table successfully for JpcTheDecoder.'),
(1398, 2, '2024-11-28 04:57:08', 1, 'Fetched categories from category table for deposit filters and CRUD options successfully for JpcTheDecoder.'),
(1399, 2, '2024-11-28 04:57:08', 1, 'Fetched distinct years for expense filters successfully for JpcTheDecoder.'),
(1400, 2, '2024-11-28 04:57:19', 1, 'Expense record updated successfully for JpcTheDecoder. Expense ID: 10 '),
(1401, 2, '2024-11-28 04:57:19', 1, 'Updated expense data retrieved successfully for JpcTheDecoder. Expense ID: 10.'),
(1402, 2, '2024-11-28 04:57:21', 1, 'Deposit total retrieved successfully for JpcTheDecoder. Dashboard ID: 1'),
(1403, 2, '2024-11-28 04:57:23', 1, 'Dashboard updated successfully for JpcTheDecoder. Dashboard ID: 1'),
(1404, 2, '2024-11-28 04:57:30', 1, 'Expense record updated successfully for JpcTheDecoder. Expense ID: 10 '),
(1405, 2, '2024-11-28 04:57:30', 1, 'Updated expense data retrieved successfully for JpcTheDecoder. Expense ID: 10.'),
(1406, 2, '2024-11-28 04:57:32', 1, 'Deposit total retrieved successfully for JpcTheDecoder. Dashboard ID: 1'),
(1407, 2, '2024-11-28 04:57:34', 1, 'Dashboard updated successfully for JpcTheDecoder. Dashboard ID: 1'),
(1408, 2, '2024-11-28 05:03:50', 1, 'Fetched distinct years for category filters successfully for JpcTheDecoder.'),
(1409, 2, '2024-11-28 05:04:53', 1, 'Fetched distinct years for category filters successfully for JpcTheDecoder.'),
(1410, 2, '2024-11-28 05:37:53', 1, 'Dashboard data fetched for JpcTheDecoder. Dashboard ID: 1'),
(1411, 2, '2024-11-28 05:44:22', 1, 'Dashboard data fetched for JpcTheDecoder. Dashboard ID: 1'),
(1412, 2, '2024-11-28 05:44:45', 1, 'Dashboard data fetched for JpcTheDecoder. Dashboard ID: 1'),
(1413, 2, '2024-11-28 05:44:46', 1, 'Dashboard data fetched for JpcTheDecoder. Dashboard ID: 1'),
(1414, 2, '2024-11-28 05:46:42', 1, 'Dashboard data fetched for JpcTheDecoder. Dashboard ID: 1'),
(1415, 2, '2024-11-28 05:46:55', 1, 'User JpcTheDecoder logged out'),
(1416, 26, '2024-11-28 05:47:11', 1, 'User xeguwumy registered successfully.'),
(1417, 26, '2024-11-28 05:47:14', 1, 'Security questions for user xeguwumy inserted successfully. Question ID: 38'),
(1418, 26, '2024-11-28 05:47:14', 1, 'Successfully updated question_id with value 38 for user xeguwumy.'),
(1419, 26, '2024-11-28 05:47:14', 1, 'Default settings for xeguwumy inserted successfully. Setting ID: 31'),
(1420, 26, '2024-11-28 05:47:14', 1, 'Successfully updated settings_id with value 31 for user xeguwumy.');
INSERT INTO `logs` (`id`, `user_id`, `created_at`, `status`, `description`) VALUES
(1421, 26, '2024-11-28 05:47:14', 1, 'Default dashboard for user xeguwumy inserted successfully. Dashboard ID: 37'),
(1422, 26, '2024-11-28 05:47:14', 1, 'Successfully updated dashboard_id with value 37 for user xeguwumy.'),
(1423, 26, '2024-11-28 05:47:14', 1, 'User xeguwumy info fetched successfully.'),
(1424, 26, '2024-11-28 05:47:15', 1, 'Dashboard data fetched for xeguwumy. Dashboard ID: 37'),
(1425, 26, '2024-11-28 05:48:28', 1, 'Fetched distinct years for category filters successfully for xeguwumy.'),
(1426, 26, '2024-11-28 05:48:29', 1, 'Fetched deposits for deposit table successfully for xeguwumy.'),
(1427, 26, '2024-11-28 05:48:29', 1, 'Fetched categories from category table for deposit filters and CRUD options successfully for xeguwumy.'),
(1428, 26, '2024-11-28 05:48:29', 1, 'Fetched distinct years for deposit filters successfully for xeguwumy.'),
(1429, 26, '2024-11-28 05:49:34', 1, 'Fetched deposits for deposit table successfully for xeguwumy.'),
(1430, 26, '2024-11-28 05:49:35', 1, 'Fetched categories from category table for deposit filters and CRUD options successfully for xeguwumy.'),
(1431, 26, '2024-11-28 05:49:35', 1, 'Fetched distinct years for deposit filters successfully for xeguwumy.'),
(1432, 26, '2024-11-28 05:54:17', 1, 'Fetched deposits for deposit table successfully for xeguwumy.'),
(1433, 26, '2024-11-28 05:54:17', 1, 'Fetched categories from category table for deposit filters and CRUD options successfully for xeguwumy.'),
(1434, 26, '2024-11-28 05:54:17', 1, 'Fetched distinct years for deposit filters successfully for xeguwumy.'),
(1435, 26, '2024-11-28 05:54:23', 1, 'Fetched deposits for deposit table successfully for xeguwumy.'),
(1436, 26, '2024-11-28 05:54:23', 1, 'Fetched categories from category table for deposit filters and CRUD options successfully for xeguwumy.'),
(1437, 26, '2024-11-28 05:54:23', 1, 'Fetched distinct years for deposit filters successfully for xeguwumy.'),
(1438, 26, '2024-11-28 05:56:01', 1, 'Fetched deposits for deposit table successfully for xeguwumy.'),
(1439, 26, '2024-11-28 05:56:01', 1, 'Fetched categories from category table for deposit filters and CRUD options successfully for xeguwumy.'),
(1440, 26, '2024-11-28 05:56:01', 1, 'Fetched distinct years for deposit filters successfully for xeguwumy.'),
(1441, 26, '2024-11-28 05:57:11', 1, 'Fetched deposits for deposit table successfully for xeguwumy.'),
(1442, 26, '2024-11-28 05:57:11', 1, 'Fetched categories from category table for deposit filters and CRUD options successfully for xeguwumy.'),
(1443, 26, '2024-11-28 05:57:11', 1, 'Fetched distinct years for deposit filters successfully for xeguwumy.'),
(1444, 26, '2024-11-28 05:57:43', 1, 'Fetched deposits for deposit table successfully for xeguwumy.'),
(1445, 26, '2024-11-28 05:57:43', 1, 'Fetched categories from category table for deposit filters and CRUD options successfully for xeguwumy.'),
(1446, 26, '2024-11-28 05:57:43', 1, 'Fetched distinct years for deposit filters successfully for xeguwumy.'),
(1447, 26, '2024-11-28 05:57:55', 1, 'Fetched distinct years for category filters successfully for xeguwumy.'),
(1448, 26, '2024-11-28 05:58:16', 1, 'Category added successfully for xeguwumy. Deposit ID: 4'),
(1449, 26, '2024-11-28 05:58:16', 1, 'Category details fetched successfully for xeguwumy. Category ID: 4'),
(1450, 26, '2024-11-28 05:58:16', 1, 'Fetched distinct years for category filters successfully for xeguwumy.'),
(1451, 26, '2024-11-28 05:58:36', 1, 'Category added successfully for xeguwumy. Deposit ID: 5'),
(1452, 26, '2024-11-28 05:58:36', 1, 'Category details fetched successfully for xeguwumy. Category ID: 5'),
(1453, 26, '2024-11-28 05:58:38', 1, 'Fetched deposits for deposit table successfully for xeguwumy.'),
(1454, 26, '2024-11-28 05:58:38', 1, 'Fetched categories from category table for deposit filters and CRUD options successfully for xeguwumy.'),
(1455, 26, '2024-11-28 05:58:38', 1, 'Fetched distinct years for deposit filters successfully for xeguwumy.'),
(1456, 26, '2024-11-28 05:58:50', 1, 'Deposit added successfully for xeguwumy. Deposit ID: 44'),
(1457, 26, '2024-11-28 05:58:50', 1, 'Deposit details fetched successfully for xeguwumy. Deposit ID: 44'),
(1458, 26, '2024-11-28 05:58:50', 1, 'Expense total retrieved successfully for xeguwumy. Dashboard ID: 37'),
(1459, 26, '2024-11-28 05:58:50', 1, 'Dashboard updated successfully for xeguwumy. Dashboard ID: 37'),
(1460, 26, '2024-11-28 06:02:56', 1, 'Fetched deposits for deposit table successfully for xeguwumy.'),
(1461, 26, '2024-11-28 06:02:56', 1, 'Fetched categories from category table for deposit filters and CRUD options successfully for xeguwumy.'),
(1462, 26, '2024-11-28 06:02:56', 1, 'Fetched distinct years for deposit filters successfully for xeguwumy.'),
(1463, 26, '2024-11-28 06:03:02', 1, 'Deposit deleted successfully for xeguwumy. Deposit ID 44'),
(1464, 26, '2024-11-28 06:03:02', 1, 'Expense total retrieved successfully for xeguwumy. Dashboard ID: 37'),
(1465, 26, '2024-11-28 06:03:02', 1, 'Dashboard updated successfully for xeguwumy. Dashboard ID: 37'),
(1466, 26, '2024-11-28 06:07:34', 1, 'Fetched deposits for deposit table successfully for xeguwumy.'),
(1467, 26, '2024-11-28 06:07:34', 1, 'Fetched categories from category table for deposit filters and CRUD options successfully for xeguwumy.'),
(1468, 26, '2024-11-28 06:07:34', 1, 'Fetched distinct years for deposit filters successfully for xeguwumy.'),
(1469, 26, '2024-11-28 06:07:49', 1, 'Deposit added successfully for xeguwumy. Deposit ID: 45'),
(1470, 26, '2024-11-28 06:07:49', 1, 'Deposit details fetched successfully for xeguwumy. Deposit ID: 45'),
(1471, 26, '2024-11-28 06:07:49', 1, 'Expense total retrieved successfully for xeguwumy. Dashboard ID: 37'),
(1472, 26, '2024-11-28 06:07:49', 1, 'Dashboard updated successfully for xeguwumy. Dashboard ID: 37'),
(1473, 26, '2024-11-28 06:08:07', 1, 'Fetched deposits for deposit table successfully for xeguwumy.'),
(1474, 26, '2024-11-28 06:08:07', 1, 'Fetched categories from category table for deposit filters and CRUD options successfully for xeguwumy.'),
(1475, 26, '2024-11-28 06:08:07', 1, 'Fetched distinct years for deposit filters successfully for xeguwumy.'),
(1476, 26, '2024-11-28 06:08:14', 1, 'Deposit deleted successfully for xeguwumy. Deposit ID 45'),
(1477, 26, '2024-11-28 06:08:14', 1, 'Expense total retrieved successfully for xeguwumy. Dashboard ID: 37'),
(1478, 26, '2024-11-28 06:08:14', 1, 'Dashboard updated successfully for xeguwumy. Dashboard ID: 37'),
(1479, 26, '2024-11-28 06:08:17', 1, 'Fetched deposits for deposit table successfully for xeguwumy.'),
(1480, 26, '2024-11-28 06:08:17', 1, 'Fetched categories from category table for deposit filters and CRUD options successfully for xeguwumy.'),
(1481, 26, '2024-11-28 06:08:17', 1, 'Fetched distinct years for deposit filters successfully for xeguwumy.'),
(1482, 26, '2024-11-28 06:08:27', 1, 'Deposit added successfully for xeguwumy. Deposit ID: 46'),
(1483, 26, '2024-11-28 06:08:27', 1, 'Deposit details fetched successfully for xeguwumy. Deposit ID: 46'),
(1484, 26, '2024-11-28 06:08:27', 1, 'Expense total retrieved successfully for xeguwumy. Dashboard ID: 37'),
(1485, 26, '2024-11-28 06:08:27', 1, 'Dashboard updated successfully for xeguwumy. Dashboard ID: 37'),
(1486, 26, '2024-11-28 06:10:31', 1, 'Fetched deposits for deposit table successfully for xeguwumy.'),
(1487, 26, '2024-11-28 06:10:31', 1, 'Fetched categories from category table for deposit filters and CRUD options successfully for xeguwumy.'),
(1488, 26, '2024-11-28 06:10:31', 1, 'Fetched distinct years for deposit filters successfully for xeguwumy.'),
(1489, 26, '2024-11-28 06:10:37', 1, 'Deposit deleted successfully for xeguwumy. Deposit ID 46'),
(1490, 26, '2024-11-28 06:10:37', 1, 'Expense total retrieved successfully for xeguwumy. Dashboard ID: 37'),
(1491, 26, '2024-11-28 06:10:37', 1, 'Dashboard updated successfully for xeguwumy. Dashboard ID: 37'),
(1492, 26, '2024-11-28 06:10:44', 1, 'Fetched deposits for deposit table successfully for xeguwumy.'),
(1493, 26, '2024-11-28 06:10:44', 1, 'Fetched categories from category table for deposit filters and CRUD options successfully for xeguwumy.'),
(1494, 26, '2024-11-28 06:10:44', 1, 'Fetched distinct years for deposit filters successfully for xeguwumy.'),
(1495, 26, '2024-11-28 06:10:57', 1, 'Deposit added successfully for xeguwumy. Deposit ID: 47'),
(1496, 26, '2024-11-28 06:10:57', 1, 'Deposit details fetched successfully for xeguwumy. Deposit ID: 47'),
(1497, 26, '2024-11-28 06:10:57', 1, 'Expense total retrieved successfully for xeguwumy. Dashboard ID: 37'),
(1498, 26, '2024-11-28 06:10:57', 1, 'Dashboard updated successfully for xeguwumy. Dashboard ID: 37'),
(1499, 26, '2024-11-28 06:11:07', 1, 'Deposit deleted successfully for xeguwumy. Deposit ID 47'),
(1500, 26, '2024-11-28 06:11:07', 1, 'Expense total retrieved successfully for xeguwumy. Dashboard ID: 37'),
(1501, 26, '2024-11-28 06:11:07', 1, 'Dashboard updated successfully for xeguwumy. Dashboard ID: 37'),
(1502, 26, '2024-11-28 06:11:37', 1, 'Fetched deposits for deposit table successfully for xeguwumy.'),
(1503, 26, '2024-11-28 06:11:37', 1, 'Fetched categories from category table for deposit filters and CRUD options successfully for xeguwumy.'),
(1504, 26, '2024-11-28 06:11:37', 1, 'Fetched distinct years for deposit filters successfully for xeguwumy.'),
(1505, 26, '2024-11-28 06:14:13', 1, 'Fetched deposits for deposit table successfully for xeguwumy.'),
(1506, 26, '2024-11-28 06:14:13', 1, 'Fetched categories from category table for deposit filters and CRUD options successfully for xeguwumy.'),
(1507, 26, '2024-11-28 06:14:13', 1, 'Fetched distinct years for deposit filters successfully for xeguwumy.'),
(1508, 26, '2024-11-28 06:14:26', 1, 'Deposit added successfully for xeguwumy. Deposit ID: 48'),
(1509, 26, '2024-11-28 06:14:26', 1, 'Deposit details fetched successfully for xeguwumy. Deposit ID: 48'),
(1510, 26, '2024-11-28 06:14:26', 1, 'Expense total retrieved successfully for xeguwumy. Dashboard ID: 37'),
(1511, 26, '2024-11-28 06:14:26', 1, 'Dashboard updated successfully for xeguwumy. Dashboard ID: 37'),
(1512, 26, '2024-11-28 06:14:37', 1, 'Deposit deleted successfully for xeguwumy. Deposit ID 48'),
(1513, 26, '2024-11-28 06:14:37', 1, 'Expense total retrieved successfully for xeguwumy. Dashboard ID: 37'),
(1514, 26, '2024-11-28 06:14:37', 1, 'Dashboard updated successfully for xeguwumy. Dashboard ID: 37'),
(1515, 26, '2024-11-28 06:14:52', 1, 'Fetched deposits for deposit table successfully for xeguwumy.'),
(1516, 26, '2024-11-28 06:14:52', 1, 'Fetched categories from category table for deposit filters and CRUD options successfully for xeguwumy.'),
(1517, 26, '2024-11-28 06:14:52', 1, 'Fetched distinct years for deposit filters successfully for xeguwumy.'),
(1518, 26, '2024-11-28 06:15:28', 1, 'Fetched deposits for deposit table successfully for xeguwumy.'),
(1519, 26, '2024-11-28 06:15:28', 1, 'Fetched categories from category table for deposit filters and CRUD options successfully for xeguwumy.'),
(1520, 26, '2024-11-28 06:15:28', 1, 'Fetched distinct years for deposit filters successfully for xeguwumy.'),
(1521, 26, '2024-11-28 06:15:45', 1, 'Fetched deposits for deposit table successfully for xeguwumy.'),
(1522, 26, '2024-11-28 06:15:45', 1, 'Fetched categories from category table for deposit filters and CRUD options successfully for xeguwumy.'),
(1523, 26, '2024-11-28 06:15:45', 1, 'Fetched distinct years for deposit filters successfully for xeguwumy.'),
(1524, 26, '2024-11-28 06:15:58', 1, 'Deposit added successfully for xeguwumy. Deposit ID: 49'),
(1525, 26, '2024-11-28 06:15:58', 1, 'Deposit details fetched successfully for xeguwumy. Deposit ID: 49'),
(1526, 26, '2024-11-28 06:16:01', 1, 'Expense total retrieved successfully for xeguwumy. Dashboard ID: 37'),
(1527, 26, '2024-11-28 06:16:04', 1, 'Deposit deleted successfully for xeguwumy. Deposit ID 49'),
(1528, 26, '2024-11-28 06:16:04', 1, 'Dashboard updated successfully for xeguwumy. Dashboard ID: 37'),
(1529, 26, '2024-11-28 06:16:06', 1, 'Expense total retrieved successfully for xeguwumy. Dashboard ID: 37'),
(1530, 26, '2024-11-28 06:16:08', 1, 'Dashboard updated successfully for xeguwumy. Dashboard ID: 37'),
(1531, 26, '2024-11-28 06:17:03', 1, 'Fetched deposits for deposit table successfully for xeguwumy.'),
(1532, 26, '2024-11-28 06:17:03', 1, 'Fetched categories from category table for deposit filters and CRUD options successfully for xeguwumy.'),
(1533, 26, '2024-11-28 06:17:03', 1, 'Fetched distinct years for deposit filters successfully for xeguwumy.'),
(1534, 26, '2024-11-28 06:17:25', 1, 'Deposit added successfully for xeguwumy. Deposit ID: 50'),
(1535, 26, '2024-11-28 06:17:25', 1, 'Deposit details fetched successfully for xeguwumy. Deposit ID: 50'),
(1536, 26, '2024-11-28 06:17:25', 1, 'Expense total retrieved successfully for xeguwumy. Dashboard ID: 37'),
(1537, 26, '2024-11-28 06:17:25', 1, 'Dashboard updated successfully for xeguwumy. Dashboard ID: 37'),
(1538, 26, '2024-11-28 06:17:44', 1, 'Deposit added successfully for xeguwumy. Deposit ID: 51'),
(1539, 26, '2024-11-28 06:17:44', 1, 'Deposit details fetched successfully for xeguwumy. Deposit ID: 51'),
(1540, 26, '2024-11-28 06:17:44', 1, 'Expense total retrieved successfully for xeguwumy. Dashboard ID: 37'),
(1541, 26, '2024-11-28 06:17:44', 1, 'Dashboard updated successfully for xeguwumy. Dashboard ID: 37'),
(1542, 26, '2024-11-28 06:17:48', 1, 'Dashboard data fetched for xeguwumy. Dashboard ID: 37'),
(1543, 26, '2024-11-28 06:17:53', 1, 'Fetched distinct years for category filters successfully for xeguwumy.'),
(1544, 26, '2024-11-28 06:18:05', 1, 'Deposit records deleted successfully for xeguwumy under Category ID 5.'),
(1545, 26, '2024-11-28 06:18:05', 1, 'Expense records deleted successfully for xeguwumy under Category ID 5.'),
(1546, 26, '2024-11-28 06:18:05', 1, 'Category deleted successfully for xeguwumy. Category ID 5'),
(1547, 26, '2024-11-28 06:18:05', 1, 'Dashboard updated successfully for xeguwumy. Dashboard ID 37'),
(1548, 26, '2024-11-28 06:18:08', 1, 'Dashboard data fetched for xeguwumy. Dashboard ID: 37'),
(1549, 26, '2024-11-28 06:18:19', 1, 'Fetched deposits for deposit table successfully for xeguwumy.'),
(1550, 26, '2024-11-28 06:18:19', 1, 'Fetched categories from category table for deposit filters and CRUD options successfully for xeguwumy.'),
(1551, 26, '2024-11-28 06:18:19', 1, 'Fetched distinct years for deposit filters successfully for xeguwumy.'),
(1552, 26, '2024-11-28 06:18:21', 1, 'Dashboard data fetched for xeguwumy. Dashboard ID: 37'),
(1553, 26, '2024-11-28 06:25:25', 1, 'Dashboard data fetched for xeguwumy. Dashboard ID: 37'),
(1554, 26, '2024-11-28 06:25:32', 1, 'Fetched distinct years for category filters successfully for xeguwumy.'),
(1555, 26, '2024-11-28 06:25:37', 1, 'Deposit records deleted successfully for xeguwumy under Category ID 4.'),
(1556, 26, '2024-11-28 06:25:37', 1, 'Expense records deleted successfully for xeguwumy under Category ID 4.'),
(1557, 26, '2024-11-28 06:25:37', 1, 'Category deleted successfully for xeguwumy. Category ID 4'),
(1558, 26, '2024-11-28 06:25:41', 1, 'Fetched distinct years for category filters successfully for xeguwumy.'),
(1559, 26, '2024-11-28 06:25:42', 1, 'Dashboard data fetched for xeguwumy. Dashboard ID: 37'),
(1560, 26, '2024-11-28 06:25:48', 1, 'Fetched distinct years for category filters successfully for xeguwumy.'),
(1561, 26, '2024-11-28 06:25:52', 1, 'Fetched deposits for deposit table successfully for xeguwumy.'),
(1562, 26, '2024-11-28 06:25:52', 1, 'Fetched categories from category table for deposit filters and CRUD options successfully for xeguwumy.'),
(1563, 26, '2024-11-28 06:25:52', 1, 'Fetched distinct years for deposit filters successfully for xeguwumy.'),
(1564, 26, '2024-11-28 06:25:53', 1, 'Fetched distinct years for category filters successfully for xeguwumy.'),
(1565, 26, '2024-11-28 06:25:59', 1, 'Category added successfully for xeguwumy. Deposit ID: 6'),
(1566, 26, '2024-11-28 06:25:59', 1, 'Category details fetched successfully for xeguwumy. Category ID: 6'),
(1567, 26, '2024-11-28 06:26:20', 1, 'Deposit records deleted successfully for xeguwumy under Category ID 6.'),
(1568, 26, '2024-11-28 06:26:20', 1, 'Expense records deleted successfully for xeguwumy under Category ID 6.'),
(1569, 26, '2024-11-28 06:26:20', 1, 'Category deleted successfully for xeguwumy. Category ID 6'),
(1570, 26, '2024-11-28 06:27:14', 1, 'Fetched distinct years for category filters successfully for xeguwumy.'),
(1571, 26, '2024-11-28 06:27:22', 1, 'Fetched deposits for deposit table successfully for xeguwumy.'),
(1572, 26, '2024-11-28 06:27:22', 1, 'Fetched categories from category table for deposit filters and CRUD options successfully for xeguwumy.'),
(1573, 26, '2024-11-28 06:27:22', 1, 'Fetched distinct years for deposit filters successfully for xeguwumy.'),
(1574, 26, '2024-11-28 06:27:26', 1, 'Dashboard data fetched for xeguwumy. Dashboard ID: 37'),
(1575, 26, '2024-11-28 06:27:28', 1, 'Fetched distinct years for category filters successfully for xeguwumy.'),
(1576, 26, '2024-11-28 06:27:35', 1, 'Category added successfully for xeguwumy. Deposit ID: 7'),
(1577, 26, '2024-11-28 06:27:35', 1, 'Category details fetched successfully for xeguwumy. Category ID: 7'),
(1578, 26, '2024-11-28 06:27:38', 1, 'Deposit records deleted successfully for xeguwumy under Category ID 7.'),
(1579, 26, '2024-11-28 06:27:38', 1, 'Expense records deleted successfully for xeguwumy under Category ID 7.'),
(1580, 26, '2024-11-28 06:27:38', 1, 'Category deleted successfully for xeguwumy. Category ID 7'),
(1581, 26, '2024-11-28 06:27:48', 1, 'Deposit records deleted successfully for xeguwumy under Category ID 7.'),
(1582, 26, '2024-11-28 06:27:48', 1, 'Expense records deleted successfully for xeguwumy under Category ID 7.'),
(1583, 26, '2024-11-28 06:27:48', 0, 'Failed to delete category for xeguwumy. Category ID 7: Record not found or already deleted.'),
(1584, 26, '2024-11-28 06:28:04', 1, 'Fetched distinct years for category filters successfully for xeguwumy.'),
(1585, 26, '2024-11-28 06:28:09', 1, 'Category added successfully for xeguwumy. Deposit ID: 8'),
(1586, 26, '2024-11-28 06:28:09', 1, 'Category details fetched successfully for xeguwumy. Category ID: 8'),
(1587, 26, '2024-11-28 06:28:15', 1, 'Deposit records deleted successfully for xeguwumy under Category ID 8.'),
(1588, 26, '2024-11-28 06:28:15', 1, 'Expense records deleted successfully for xeguwumy under Category ID 8.'),
(1589, 26, '2024-11-28 06:28:15', 1, 'Category deleted successfully for xeguwumy. Category ID 8'),
(1590, 26, '2024-11-28 06:28:55', 1, 'Fetched distinct years for category filters successfully for xeguwumy.'),
(1591, 26, '2024-11-28 06:29:02', 1, 'Category added successfully for xeguwumy. Deposit ID: 9'),
(1592, 26, '2024-11-28 06:29:02', 1, 'Category details fetched successfully for xeguwumy. Category ID: 9'),
(1593, 26, '2024-11-28 06:29:07', 1, 'Deposit records deleted successfully for xeguwumy under Category ID 9.'),
(1594, 26, '2024-11-28 06:29:07', 1, 'Expense records deleted successfully for xeguwumy under Category ID 9.'),
(1595, 26, '2024-11-28 06:29:07', 1, 'Category deleted successfully for xeguwumy. Category ID 9'),
(1596, 26, '2024-11-28 06:29:07', 1, 'Dashboard updated successfully for xeguwumy. Dashboard ID 37'),
(1597, 26, '2024-11-28 06:29:15', 1, 'Dashboard data fetched for xeguwumy. Dashboard ID: 37'),
(1598, 26, '2024-11-28 06:30:15', 1, 'Dashboard data fetched for xeguwumy. Dashboard ID: 37'),
(1599, 26, '2024-11-28 06:30:24', 1, 'Dashboard data fetched for xeguwumy. Dashboard ID: 37'),
(1600, 26, '2024-11-28 06:30:40', 1, 'Fetched distinct years for category filters successfully for xeguwumy.'),
(1601, 26, '2024-11-28 06:30:43', 1, 'Fetched expenses for expense table successfully for xeguwumy.'),
(1602, 26, '2024-11-28 06:30:43', 1, 'Fetched categories from category table for deposit filters and CRUD options successfully for xeguwumy.'),
(1603, 26, '2024-11-28 06:30:43', 1, 'Fetched distinct years for expense filters successfully for xeguwumy.'),
(1604, 26, '2024-11-28 06:30:44', 1, 'Fetched deposits for deposit table successfully for xeguwumy.'),
(1605, 26, '2024-11-28 06:30:44', 1, 'Fetched categories from category table for deposit filters and CRUD options successfully for xeguwumy.'),
(1606, 26, '2024-11-28 06:30:44', 1, 'Fetched distinct years for deposit filters successfully for xeguwumy.'),
(1607, 26, '2024-11-28 06:30:46', 1, 'Fetched distinct years for category filters successfully for xeguwumy.'),
(1608, 26, '2024-11-28 06:30:48', 1, 'Fetched deposits for report table successfully for xeguwumy.'),
(1609, 26, '2024-11-28 06:30:48', 1, 'Fetched distinct categories for report filters successfully for xeguwumy.'),
(1610, 26, '2024-11-28 06:30:48', 1, 'Fetched distinct years for report filters successfully for xeguwumy.'),
(1611, 26, '2024-11-28 06:30:48', 1, 'Fetched expenses for report table successfully for xeguwumy.'),
(1612, 26, '2024-11-28 06:30:48', 1, 'Fetched distinct categories for report filters successfully for xeguwumy.'),
(1613, 26, '2024-11-28 06:30:48', 1, 'Fetched distinct years for report filters successfully for xeguwumy.'),
(1614, 26, '2024-11-28 06:30:53', 1, 'Fetched distinct years for category filters successfully for xeguwumy.'),
(1615, 26, '2024-11-28 06:30:55', 1, 'Fetched deposits for report table successfully for xeguwumy.'),
(1616, 26, '2024-11-28 06:30:55', 1, 'Fetched distinct categories for report filters successfully for xeguwumy.'),
(1617, 26, '2024-11-28 06:30:55', 1, 'Fetched distinct years for report filters successfully for xeguwumy.'),
(1618, 26, '2024-11-28 06:30:55', 1, 'Fetched expenses for report table successfully for xeguwumy.'),
(1619, 26, '2024-11-28 06:30:55', 1, 'Fetched distinct categories for report filters successfully for xeguwumy.'),
(1620, 26, '2024-11-28 06:30:55', 1, 'Fetched distinct years for report filters successfully for xeguwumy.'),
(1621, 26, '2024-11-28 06:30:56', 1, 'Fetched distinct years for category filters successfully for xeguwumy.'),
(1622, 26, '2024-11-28 06:30:57', 1, 'Fetched expenses for expense table successfully for xeguwumy.'),
(1623, 26, '2024-11-28 06:30:57', 1, 'Fetched categories from category table for deposit filters and CRUD options successfully for xeguwumy.'),
(1624, 26, '2024-11-28 06:30:57', 1, 'Fetched distinct years for expense filters successfully for xeguwumy.'),
(1625, 26, '2024-11-28 06:30:58', 1, 'Fetched deposits for report table successfully for xeguwumy.'),
(1626, 26, '2024-11-28 06:30:58', 1, 'Fetched distinct categories for report filters successfully for xeguwumy.'),
(1627, 26, '2024-11-28 06:30:58', 1, 'Fetched distinct years for report filters successfully for xeguwumy.'),
(1628, 26, '2024-11-28 06:30:58', 1, 'Fetched expenses for report table successfully for xeguwumy.'),
(1629, 26, '2024-11-28 06:30:58', 1, 'Fetched distinct categories for report filters successfully for xeguwumy.'),
(1630, 26, '2024-11-28 06:30:58', 1, 'Fetched distinct years for report filters successfully for xeguwumy.'),
(1631, 26, '2024-11-28 06:31:01', 1, 'Fetched distinct years for category filters successfully for xeguwumy.'),
(1632, 8, '2024-11-28 06:31:51', 1, 'User root logged in successfully.'),
(1633, 26, '2024-11-28 06:33:15', 1, 'Fetched distinct years for category filters successfully for xeguwumy.'),
(1634, 26, '2024-11-28 06:33:22', 1, 'Fetched expenses for expense table successfully for xeguwumy.'),
(1635, 26, '2024-11-28 06:33:22', 1, 'Fetched categories from category table for deposit filters and CRUD options successfully for xeguwumy.'),
(1636, 26, '2024-11-28 06:33:22', 1, 'Fetched distinct years for expense filters successfully for xeguwumy.'),
(1637, 26, '2024-11-28 06:33:23', 1, 'Fetched distinct years for category filters successfully for xeguwumy.'),
(1638, 26, '2024-11-28 06:33:24', 1, 'Fetched deposits for deposit table successfully for xeguwumy.'),
(1639, 26, '2024-11-28 06:33:24', 1, 'Fetched categories from category table for deposit filters and CRUD options successfully for xeguwumy.'),
(1640, 26, '2024-11-28 06:33:24', 1, 'Fetched distinct years for deposit filters successfully for xeguwumy.'),
(1641, 26, '2024-11-28 06:33:25', 1, 'Dashboard data fetched for xeguwumy. Dashboard ID: 37'),
(1642, 26, '2024-11-28 06:33:26', 1, 'User xeguwumy logged out'),
(1643, 2, '2024-11-28 06:33:36', 1, 'User JpcTheDecoder logged in successfully.'),
(1644, 2, '2024-11-28 06:33:36', 1, 'Dashboard data fetched for JpcTheDecoder. Dashboard ID: 1'),
(1645, 2, '2024-11-28 06:33:39', 1, 'Fetched deposits for deposit table successfully for JpcTheDecoder.'),
(1646, 2, '2024-11-28 06:33:39', 1, 'Fetched categories from category table for deposit filters and CRUD options successfully for JpcTheDecoder.'),
(1647, 2, '2024-11-28 06:33:39', 1, 'Fetched distinct years for deposit filters successfully for JpcTheDecoder.'),
(1648, 2, '2024-11-28 06:33:43', 1, 'Fetched expenses for expense table successfully for JpcTheDecoder.'),
(1649, 2, '2024-11-28 06:33:43', 1, 'Fetched categories from category table for deposit filters and CRUD options successfully for JpcTheDecoder.'),
(1650, 2, '2024-11-28 06:33:43', 1, 'Fetched distinct years for expense filters successfully for JpcTheDecoder.'),
(1651, 2, '2024-11-28 06:33:44', 1, 'Fetched distinct years for category filters successfully for JpcTheDecoder.'),
(1652, 2, '2024-11-28 06:33:46', 1, 'Fetched expenses for expense table successfully for JpcTheDecoder.'),
(1653, 2, '2024-11-28 06:33:46', 1, 'Fetched categories from category table for deposit filters and CRUD options successfully for JpcTheDecoder.'),
(1654, 2, '2024-11-28 06:33:46', 1, 'Fetched distinct years for expense filters successfully for JpcTheDecoder.'),
(1655, 2, '2024-11-28 06:33:48', 1, 'Fetched deposits for report table successfully for JpcTheDecoder.'),
(1656, 2, '2024-11-28 06:33:48', 1, 'Fetched distinct categories for report filters successfully for JpcTheDecoder.'),
(1657, 2, '2024-11-28 06:33:48', 1, 'Fetched distinct years for report filters successfully for JpcTheDecoder.'),
(1658, 2, '2024-11-28 06:33:48', 1, 'Fetched expenses for report table successfully for JpcTheDecoder.'),
(1659, 2, '2024-11-28 06:33:48', 1, 'Fetched distinct categories for report filters successfully for JpcTheDecoder.'),
(1660, 2, '2024-11-28 06:33:48', 1, 'Fetched distinct years for report filters successfully for JpcTheDecoder.'),
(1661, 2, '2024-11-28 06:33:50', 1, 'Fetched expenses for expense table successfully for JpcTheDecoder.'),
(1662, 2, '2024-11-28 06:33:50', 1, 'Fetched categories from category table for deposit filters and CRUD options successfully for JpcTheDecoder.'),
(1663, 2, '2024-11-28 06:33:50', 1, 'Fetched distinct years for expense filters successfully for JpcTheDecoder.'),
(1664, 2, '2024-11-28 06:33:51', 1, 'Fetched expenses for report table successfully for JpcTheDecoder.'),
(1665, 2, '2024-11-28 06:33:51', 1, 'Fetched distinct categories for report filters successfully for JpcTheDecoder.'),
(1666, 2, '2024-11-28 06:33:51', 1, 'Fetched distinct years for report filters successfully for JpcTheDecoder.'),
(1667, 2, '2024-11-28 06:33:51', 1, 'Fetched deposits for report table successfully for JpcTheDecoder.'),
(1668, 2, '2024-11-28 06:33:51', 1, 'Fetched distinct categories for report filters successfully for JpcTheDecoder.'),
(1669, 2, '2024-11-28 06:33:51', 1, 'Fetched distinct years for report filters successfully for JpcTheDecoder.'),
(1670, 2, '2024-11-28 06:33:54', 1, 'Fetched deposits for report table successfully for JpcTheDecoder.'),
(1671, 2, '2024-11-28 06:33:54', 1, 'Fetched distinct categories for report filters successfully for JpcTheDecoder.'),
(1672, 2, '2024-11-28 06:33:54', 1, 'Fetched distinct years for report filters successfully for JpcTheDecoder.'),
(1673, 2, '2024-11-28 06:33:54', 1, 'Fetched expenses for report table successfully for JpcTheDecoder.'),
(1674, 2, '2024-11-28 06:33:54', 1, 'Fetched distinct categories for report filters successfully for JpcTheDecoder.'),
(1675, 2, '2024-11-28 06:33:54', 1, 'Fetched distinct years for report filters successfully for JpcTheDecoder.'),
(1676, 2, '2024-11-28 06:34:04', 1, 'Fetched expenses for expense table successfully for JpcTheDecoder.'),
(1677, 2, '2024-11-28 06:34:04', 1, 'Fetched categories from category table for deposit filters and CRUD options successfully for JpcTheDecoder.'),
(1678, 2, '2024-11-28 06:34:04', 1, 'Fetched distinct years for expense filters successfully for JpcTheDecoder.'),
(1679, 2, '2024-11-28 06:34:05', 1, 'Fetched distinct years for category filters successfully for JpcTheDecoder.'),
(1680, 2, '2024-11-28 06:34:06', 1, 'Fetched deposits for report table successfully for JpcTheDecoder.'),
(1681, 2, '2024-11-28 06:34:06', 1, 'Fetched distinct categories for report filters successfully for JpcTheDecoder.'),
(1682, 2, '2024-11-28 06:34:06', 1, 'Fetched distinct years for report filters successfully for JpcTheDecoder.'),
(1683, 2, '2024-11-28 06:34:06', 1, 'Fetched expenses for report table successfully for JpcTheDecoder.'),
(1684, 2, '2024-11-28 06:34:06', 1, 'Fetched distinct categories for report filters successfully for JpcTheDecoder.'),
(1685, 2, '2024-11-28 06:34:06', 1, 'Fetched distinct years for report filters successfully for JpcTheDecoder.'),
(1686, 2, '2024-11-28 06:34:20', 1, 'User JpcTheDecoder logged out'),
(1687, 8, '2024-11-28 06:34:35', 1, 'User root logged out'),
(1688, 8, '2024-11-28 06:34:38', 1, 'User root logged in successfully.'),
(1689, NULL, '2024-11-29 13:53:11', 0, 'Failed to delete deposit. User ID: '),
(1690, NULL, '2024-11-29 13:53:28', 0, 'Failed to delete deposit. User ID: '),
(1691, NULL, '2024-11-29 13:54:36', 0, 'Failed to get user id.'),
(1692, 2, '2024-11-29 13:55:13', 1, 'Fetched user logs for user log table successfully. User ID: 2'),
(1693, 2, '2024-11-29 13:56:10', 1, 'Fetched user logs for user log table successfully. User ID: 2'),
(1694, 2, '2024-11-29 13:56:40', 1, 'Fetched user logs for user log table successfully. User ID: 2'),
(1695, 2, '2024-11-29 13:56:41', 1, 'Fetched distinct years for user logs filters filters successfully.'),
(1696, 2, '2024-11-29 13:58:33', 1, 'Fetched user logs for user log table successfully. User ID: 2'),
(1697, 2, '2024-11-29 13:58:33', 1, 'Fetched distinct years for user logs filters filters successfully.'),
(1698, 2, '2024-11-29 13:59:42', 1, 'Fetched user logs for user log table successfully. User ID: 2'),
(1699, 2, '2024-11-29 13:59:42', 1, 'Fetched distinct years for user logs filters filters successfully.'),
(1700, 2, '2024-11-29 13:59:57', 1, 'Fetched user logs for user log table successfully. User ID: 2'),
(1701, 2, '2024-11-29 13:59:57', 1, 'Fetched distinct years for user logs filters filters successfully.'),
(1702, 2, '2024-11-29 14:00:34', 1, 'Fetched user logs for user log table successfully. User ID: 2'),
(1703, 2, '2024-11-29 14:00:34', 1, 'Fetched distinct years for user logs filters filters successfully.'),
(1704, 4, '2024-11-29 14:05:27', 1, 'Fetched user logs for user log table successfully. User ID: 4'),
(1705, 4, '2024-11-29 14:05:27', 1, 'Fetched distinct years for user logs filters filters successfully.'),
(1706, 8, '2024-11-29 14:53:21', 1, 'User root logged out'),
(1707, 2, '2024-11-29 14:53:32', 1, 'User JpcTheDecoder logged in successfully.'),
(1708, 2, '2024-11-29 14:53:32', 1, 'Dashboard data fetched for JpcTheDecoder. Dashboard ID: 1'),
(1709, 2, '2024-11-29 14:53:34', 1, 'Fetched distinct years for category filters successfully for JpcTheDecoder.'),
(1710, 2, '2024-11-29 14:53:39', 1, 'Category updated successfully for JpcTheDecoder. Category ID: 1'),
(1711, 2, '2024-11-29 14:53:39', 1, 'Updated category data retrieved successfully for JpcTheDecoder. Category ID: 1.'),
(1712, 2, '2024-11-29 15:00:45', 1, 'Fetched distinct years for category filters successfully for JpcTheDecoder.');

-- --------------------------------------------------------

--
-- Table structure for table `security_q`
--

CREATE TABLE `security_q` (
  `id` int(10) NOT NULL,
  `user_id` int(11) DEFAULT NULL,
  `q1` varchar(1000) NOT NULL,
  `q1_answer` varchar(1000) NOT NULL,
  `q2` varchar(1000) NOT NULL,
  `q2_answer` varchar(1000) NOT NULL,
  `q3` varchar(1000) NOT NULL,
  `q3_answer` varchar(1000) NOT NULL
) ENGINE=InnoDB DEFAULT CHARSET=utf8mb4 COLLATE=utf8mb4_general_ci;

--
-- Dumping data for table `security_q`
--

INSERT INTO `security_q` (`id`, `user_id`, `q1`, `q1_answer`, `q2`, `q2_answer`, `q3`, `q3_answer`) VALUES
(2, 2, 'qwertyuiop', 'qwerty', 'asdfghjkl', 'asdfgh', 'zxcvbnm', 'zxcvbn'),
(3, 4, 'qwertyuiop', 'qwerty', 'asdfghjkl', 'asdfgh', 'zxcvbnm', 'zxcvbn'),
(4, 5, 'A', 'B', 'C', 'D', 'E', 'F'),
(5, 7, 'Nisi Nam aliquip ut', 'Veniam aut aut tota', 'Possimus in amet r', 'Quidem autem maxime', 'Autem vitae eum fugi', 'Minim ex consectetur'),
(6, 8, 'Amet eaque ea nisi', 'Dolorum in sed excep', 'Cupidatat et atque s', 'Dolorem ut molestiae', 'Ea nesciunt deserun', 'At dolorum labore vo'),
(7, 9, 'Qui aliqua Deserunt', 'Voluptas optio dolo', 'Neque aut pariatur', 'Tenetur id totam qu', 'Modi id iusto quia', 'Rem nulla vel sit a'),
(8, 10, 'Repellendus Et labo', 'Sint inventore sit', 'Odit perferendis asp', 'Omnis ipsum lorem au', 'Exercitationem earum', 'A labore dolore ut e'),
(9, 11, 'Aut error reiciendis', 'Quam a sunt exercita', 'Voluptatem quam vel', 'Et porro adipisicing', 'Omnis inventore accu', 'Facere ullamco rerum'),
(10, 12, 'Illum quam consecte', 'Itaque debitis est', 'Eos repudiandae reic', 'Iure qui deleniti ex', 'Aut voluptatibus sap', 'Quia veritatis quia'),
(11, 15, 'a', 'b', 'c', 'd', 'e', 'f'),
(12, 15, 'a', 'b', 'c', 'd', 'e', 'f'),
(13, 16, 'Urjdjff', 'Rjfjjf', 'Jffjfjfj', 'Jfjfjfjf', 'Jdjdjfjf', 'Jdjdjdjd'),
(14, 17, '1', 'W', '1', '1', 'W', '1'),
(15, 18, 'E', 'E', 'E', 'E', 'Ee', 'E'),
(16, 18, 'Ujyhre', 'Ggbjj', 'Hhjko', 'Hjj', 'Hhhkik', 'Hhjji'),
(17, 19, 'Fkfkfkf', 'Fkfkrkr', 'Fkfkddk', 'Dkrkfkf', 'Dkffkkf', 'Rkdkgkbk'),
(18, 20, 'Roogohkb', 'Kvlfkgovoc', 'Oggovovkv', 'Ogovovkv', 'Oflvkvkv', 'Ogovov'),
(26, 21, 'Dolor magni eos ea', 'Nesciunt fugiat la', 'Voluptatem Beatae d', 'Dolorum expedita con', 'Velit fuga Rem pari', 'Consectetur voluptat'),
(27, 22, 'Lhfovlv', 'Kfkffkfkkf', 'Kfkfkckc', 'Jckckckc', 'Kckckfld', 'Kckckdlsls'),
(28, 23, 'Krkvkg', 'Jvcjckkv', 'Jgjfjfjv', 'Jcjfkkc', 'Kckckvkv', 'Kdocldlwl'),
(29, 24, 'qwertyuiop', 'qwerty', 'asdfghjkl', 'asdfgh', 'zxcvbnm', 'zxcvbn'),
(30, 24, 'qwertyuiop', 'qwerty', 'asdfghjkl', 'asdfgh', 'zxcvbnm', 'zxcvbn'),
(31, 24, 'qwertyuiop', 'qwerty', 'asdfghjkl', 'asdfgh', 'zxcvbnm', 'zxcvbn'),
(32, 24, 'qwertyuiop', 'qwerty', 'asdfghjkl', 'asdfgh', 'zxcvbnm', 'zxcvbn'),
(33, 24, 'qwertyuiop', 'qwerty', 'asdfghjkl', 'asdfgh', 'zxcvbnm', 'zxcvbn'),
(34, 24, 'qwertyuiop', 'qwerty', 'asdfghjkl', 'asdfgh', 'zxcvbnm', 'zxcvbn'),
(35, 24, 'qwertyuiop', 'qwerty', 'asdfghjkl', 'asdfgh', 'zxcvbnm', 'zxcvbn'),
(36, 24, 'qwertyuiop', 'qwerty', 'asdfghjkl', 'asdfgh', 'zxcvbnm', 'zxcvbn'),
(37, 25, 'Est ex deleniti omni', 'Aliquip cupidatat qu', 'Cupidatat elit null', 'Ut exercitationem ni', 'Quod aperiam ullamco', 'Autem et ea neque in'),
(38, 26, 'Quasi dolore accusam', 'Sequi voluptas digni', 'Cupidatat perspiciat', 'Similique officia ra', 'Animi velit dolor t', 'Numquam necessitatib');

-- --------------------------------------------------------

--
-- Table structure for table `settings`
--

CREATE TABLE `settings` (
  `id` int(10) NOT NULL,
  `user_id` int(11) DEFAULT NULL,
  `theme` varchar(255) NOT NULL,
  `font_size` varchar(255) NOT NULL
) ENGINE=InnoDB DEFAULT CHARSET=utf8mb4 COLLATE=utf8mb4_general_ci;

--
-- Dumping data for table `settings`
--

INSERT INTO `settings` (`id`, `user_id`, `theme`, `font_size`) VALUES
(1, 10, 'default', 'medium'),
(2, 11, 'default', 'medium'),
(3, 12, 'default', 'medium'),
(4, 15, 'default', 'medium'),
(5, 15, 'default', 'medium'),
(6, 16, 'default', 'medium'),
(7, 17, 'default', 'medium'),
(8, 18, 'default', 'medium'),
(9, 18, 'default', 'medium'),
(10, 19, 'default', 'medium'),
(11, 20, 'default', 'medium'),
(19, 21, 'default', 'medium'),
(20, 22, 'default', 'medium'),
(21, 23, 'default', 'medium'),
(25, 24, 'default', 'medium'),
(26, 24, 'default', 'medium'),
(27, 24, 'default', 'medium'),
(28, 24, 'default', 'medium'),
(29, 24, 'default', 'medium'),
(30, 25, 'default', 'medium'),
(31, 26, 'default', 'medium');

-- --------------------------------------------------------

--
-- Table structure for table `user_accounts`
--

CREATE TABLE `user_accounts` (
  `id` int(11) NOT NULL,
  `fullname` varchar(255) NOT NULL,
  `username` varchar(50) NOT NULL,
  `email` varchar(255) NOT NULL,
  `profile_pic` varchar(255) DEFAULT NULL,
  `password` varchar(255) NOT NULL,
  `created_at` timestamp NOT NULL DEFAULT current_timestamp(),
  `updated_at` timestamp NOT NULL DEFAULT current_timestamp() ON UPDATE current_timestamp(),
  `question_id` int(11) DEFAULT NULL,
  `settings_id` int(11) DEFAULT NULL,
  `dashboard_id` int(11) DEFAULT NULL,
  `is_admin` int(1) NOT NULL,
  `is_login` int(1) NOT NULL
) ENGINE=InnoDB DEFAULT CHARSET=utf8mb4 COLLATE=utf8mb4_general_ci;

--
-- Dumping data for table `user_accounts`
--

INSERT INTO `user_accounts` (`id`, `fullname`, `username`, `email`, `profile_pic`, `password`, `created_at`, `updated_at`, `question_id`, `settings_id`, `dashboard_id`, `is_admin`, `is_login`) VALUES
(2, 'John Paul Bongcales Cadavez', 'JpcTheDecoder', 'jpcyoyoyo123@gmail.com', 'profile_pic/671b5be74668f_1769829-plant_peashooter_thumb.jpg', '$2y$10$A1IrsJ7PEuMy7ywofCQFCeZWwouKnvbJnC.TbZqY1lEiS5aTQJX/C', '2024-10-23 01:16:17', '2024-11-29 14:53:32', 2, NULL, 1, 0, 1),
(4, 'John Paul Cadavez', 'minecraft123', 'jpcyoyoyo@gmail.com', 'profile_pic/profile_default.svg', '$2y$10$syJVbXgdbeoWZKUFxHC.oem/jVOX/ScaMj1nwStiXmJWTkML/57Lm', '2024-10-28 08:49:33', '2024-10-28 08:49:44', 3, NULL, 2, 0, 0),
(5, 'Stefanie Relos', 'Steff', 'steffanierelos@gmail.com', 'profile_pic/profile_default.svg', '$2y$10$1MwoYUHEX9UUYu.EvqGe6uxx9SaJuH7uEHv7h4irtgPVaXDZ8e8iy', '2024-11-06 09:59:54', '2024-11-06 10:00:26', 4, NULL, 3, 0, 0),
(7, 'Ariana Dixon', 'nicemici', 'woqyg@mailinator.com', 'profile_pic/profile_default.svg', '$2y$10$xFj2K3MjAKy2ycQdRhmlXu3DnGqpy7La7ZWClvvvV/7cVz0NtYH5a', '2024-11-24 13:08:51', '2024-11-24 13:11:50', 5, NULL, 4, 0, 0),
(8, 'Brenda Hickman', 'root', 'qyxogepufo@mailinator.com', 'profile_pic/profile_default.svg', '$2y$10$WXFK5QNn2arqGPLR4/cq4.duRy9AQdNS3JWKgDlG9c8mB/HcQgqYi', '2024-11-24 13:11:22', '2024-11-29 14:53:21', 7, NULL, 6, 1, 0),
(9, 'Vivien Lloyd', 'vekyhunasu', 'vevew@mailinator.com', 'profile_pic/profile_default.svg', '$2y$10$81zatNMMSCc4AkKy1rmTP.9E3V84SWs4Qlqe9/RN9t297BL7ZECsO', '2024-11-24 13:41:21', '2024-11-24 13:41:21', NULL, NULL, NULL, 0, 0),
(10, 'Bradley Wagner', 'sifaruhab', 'ruluhu@mailinator.com', 'profile_pic/profile_default.svg', '$2y$10$IESDDGyf.f1X/imqOOdBWOrZ20Nf44609L/gmWQPr/o/yN9cC2PtC', '2024-11-24 14:06:29', '2024-11-24 14:27:45', 8, 1, 7, 0, 0),
(11, 'Fiona Allison', 'hasuwasow', 'vygygetas@mailinator.com', 'profile_pic/profile_default.svg', '$2y$10$f02CtXUw86xvL4AEv6TZseqhAbe87DExLDucxfh/SkdgdPrqB0SLG', '2024-11-24 14:17:15', '2024-11-24 14:27:49', 9, 2, 8, 0, 0),
(12, 'Arthur Crosby', 'qipygifo', 'rosesug@mailinator.com', 'profile_pic/profile_default.svg', '$2y$10$x/Cw8oYeWOVm8wB/F7lJG.ZnEZ575s8dlzSYccPjXHQEfpMqRdUB2', '2024-11-25 09:44:12', '2024-11-25 09:45:30', 10, 3, 9, 0, 0),
(15, 'Stefanie', 'Stef', 'relos@gmail.com', 'profile_pic/ 674540f48fe87_1730473385754.jpg', '$2y$10$6xcR6dg/OKSaBJuOrBh9WuwIuO4HstG9W7iNaDXzV3heR1ficaske', '2024-11-26 03:17:00', '2024-11-26 03:34:41', 12, 5, 11, 0, 0),
(16, 'Elise Jane Lacubtan', 'Elise', 'lacubtanelisejane@gmail.com', 'profile_pic/profile_default.svg', '$2y$10$MOtySxoMGf0a412BWZtjk.aD7PLcJsaOGQJ75JmEp40EMoqNr2Pqe', '2024-11-26 05:29:21', '2024-11-26 06:25:55', 13, 6, 12, 0, 0),
(17, 'Realene Palero', 'Palero', 'palero@gmail.com', 'profile_pic/profile_default.svg', '$2y$10$jyGxWZS/96OBsGoiJmlWeuxfdWymfDc4tYvMqhdy.E/lywOFMIl7u', '2024-11-26 05:38:04', '2024-11-26 06:11:07', 14, 7, 13, 0, 0),
(18, 'Sophy Mecasio', 'Soph', 'sophy@gmail.com', 'profile_pic/profile_default.svg', '$2y$10$foToSw4Gv6V/twXofuGX9uVSmgxRvG0uV6omJU8ftHjYJ9DM9T.cC', '2024-11-26 05:46:28', '2024-11-26 06:11:09', 16, 9, 15, 0, 0),
(19, 'Romel Miro', 'Mel', 'romel@gmail.com', 'profile_pic/profile_default.svg', '$2y$10$DdhGxm6Bn1i8MOr2MB/mnenAMI/m5JXU/PnqvGOoUY0mYzSv9p2H2', '2024-11-26 05:59:06', '2024-11-26 06:11:14', 17, 10, 16, 0, 0),
(20, 'Kyle Hoag', 'Kyle', 'kyle@gmail.com', 'profile_pic/profile_default.svg', '$2y$10$BrD0GndP.tSQFy2ieJ4iaugIrtzx8dquOgVeDpEaILV4zZPU/THAG', '2024-11-26 06:03:44', '2024-11-26 06:11:17', 18, 11, 17, 0, 0),
(21, 'Madison Weeks', 'josotefok', 'raxuw@mailinator.com', 'profile_pic/profile_default.svg', '$2y$10$aPAfiQZhGeMQEsrbCLLQDefmDH5NnibeFtXyTu4e3Nw/cHjlP14x2', '2024-11-26 06:07:23', '2024-11-26 06:11:21', 26, 19, 25, 0, 0),
(22, 'Nollan Paleor', 'Nollan', 'nollan@gmail.com', 'profile_pic/profile_default.svg', '$2y$10$8j40ows9jGe5T5sZmzKArO373sFVQ2//jZyc.OsbxbEiGmVe8amdK', '2024-11-26 06:14:16', '2024-11-26 06:48:34', 27, 20, 26, 0, 0),
(23, 'Jay r Sala', 'Jayr', 'jayr@gmail.com', 'profile_pic/profile_default.svg', '$2y$10$hQIVwpb0szVYiNpsgSGiPeyaQszquRTr7pPvjcwIMjtH1fttLGXdu', '2024-11-26 06:26:26', '2024-11-26 06:26:41', 28, 21, 27, 0, 0),
(24, 'John Paul Bongcales Cadavez', 'kdijhusi', 'dsocniu@sadimon.com', 'profile_pic/profile_default.svg', '$2y$10$0a21RYHY7HeBrf4nnyMpqeAgviLyKOS61t3wxRywpynyqK7Bkgj7G', '2024-11-26 06:29:24', '2024-11-26 06:45:58', 36, 29, 35, 0, 0),
(25, 'Sybill Graves', 'henowiqa', 'jucy@mailinator.com', 'profile_pic/profile_default.svg', '$2y$10$FNTHgvPOKayWXltG/P8iSu81RPGJTHpfrWBTk3axLIGrl4xdt8qIu', '2024-11-26 06:47:03', '2024-11-26 06:47:16', 37, 30, 36, 0, 0),
(26, 'Jamal Copeland', 'xeguwumy', 'pykicy@mailinator.com', 'profile_pic/profile_default.svg', '$2y$10$zfH2V2Oq1Q4Zp0XjYbzkDu6SfuJBw9QZge4vAokB1pdBm0e7m6aQ.', '2024-11-28 05:47:11', '2024-11-28 05:47:14', 38, 31, 37, 0, 0);

--
-- Indexes for dumped tables
--

--
-- Indexes for table `category`
--
ALTER TABLE `category`
  ADD PRIMARY KEY (`id`),
  ADD KEY `fk_user_accounts_category` (`user_id`) USING BTREE;

--
-- Indexes for table `dashboard`
--
ALTER TABLE `dashboard`
  ADD PRIMARY KEY (`id`),
  ADD KEY `fk_user_accounts_dashboard` (`user_id`) USING BTREE;

--
-- Indexes for table `deposit`
--
ALTER TABLE `deposit`
  ADD PRIMARY KEY (`id`),
  ADD KEY `fk_user_accounts_deposit` (`user_id`) USING BTREE;

--
-- Indexes for table `expense`
--
ALTER TABLE `expense`
  ADD PRIMARY KEY (`id`),
  ADD KEY `fk_user_accounts_expense` (`user_id`) USING BTREE;

--
-- Indexes for table `logs`
--
ALTER TABLE `logs`
  ADD PRIMARY KEY (`id`),
  ADD KEY `fk_user_accounts_logs` (`user_id`) USING BTREE;

--
-- Indexes for table `security_q`
--
ALTER TABLE `security_q`
  ADD PRIMARY KEY (`id`),
  ADD KEY `fk_user_accounts_security_q` (`user_id`) USING BTREE;

--
-- Indexes for table `settings`
--
ALTER TABLE `settings`
  ADD PRIMARY KEY (`id`),
  ADD KEY `fk_user_accounts_settings` (`user_id`) USING BTREE;

--
-- Indexes for table `user_accounts`
--
ALTER TABLE `user_accounts`
  ADD PRIMARY KEY (`id`),
  ADD UNIQUE KEY `username` (`username`),
  ADD UNIQUE KEY `email` (`email`),
  ADD KEY `fk_question` (`question_id`),
  ADD KEY `fk_settings` (`settings_id`),
  ADD KEY `fk_dashboard` (`dashboard_id`);

--
-- AUTO_INCREMENT for dumped tables
--

--
-- AUTO_INCREMENT for table `category`
--
ALTER TABLE `category`
  MODIFY `id` int(10) NOT NULL AUTO_INCREMENT, AUTO_INCREMENT=10;

--
-- AUTO_INCREMENT for table `dashboard`
--
ALTER TABLE `dashboard`
  MODIFY `id` int(11) NOT NULL AUTO_INCREMENT, AUTO_INCREMENT=38;

--
-- AUTO_INCREMENT for table `deposit`
--
ALTER TABLE `deposit`
  MODIFY `id` int(10) NOT NULL AUTO_INCREMENT, AUTO_INCREMENT=52;

--
-- AUTO_INCREMENT for table `expense`
--
ALTER TABLE `expense`
  MODIFY `id` int(10) NOT NULL AUTO_INCREMENT, AUTO_INCREMENT=30;

--
-- AUTO_INCREMENT for table `logs`
--
ALTER TABLE `logs`
  MODIFY `id` int(10) NOT NULL AUTO_INCREMENT, AUTO_INCREMENT=1713;

--
-- AUTO_INCREMENT for table `security_q`
--
ALTER TABLE `security_q`
  MODIFY `id` int(10) NOT NULL AUTO_INCREMENT, AUTO_INCREMENT=39;

--
-- AUTO_INCREMENT for table `settings`
--
ALTER TABLE `settings`
  MODIFY `id` int(10) NOT NULL AUTO_INCREMENT, AUTO_INCREMENT=32;

--
-- AUTO_INCREMENT for table `user_accounts`
--
ALTER TABLE `user_accounts`
  MODIFY `id` int(11) NOT NULL AUTO_INCREMENT, AUTO_INCREMENT=27;

--
-- Constraints for dumped tables
--

--
-- Constraints for table `category`
--
ALTER TABLE `category`
  ADD CONSTRAINT `fk_user_accounts_category` FOREIGN KEY (`user_id`) REFERENCES `user_accounts` (`id`) ON DELETE CASCADE ON UPDATE CASCADE;

--
-- Constraints for table `dashboard`
--
ALTER TABLE `dashboard`
  ADD CONSTRAINT `fk_user_accounts_dashboard` FOREIGN KEY (`user_id`) REFERENCES `user_accounts` (`id`) ON DELETE CASCADE ON UPDATE CASCADE;

--
-- Constraints for table `deposit`
--
ALTER TABLE `deposit`
  ADD CONSTRAINT `fk_user_accounts` FOREIGN KEY (`user_id`) REFERENCES `user_accounts` (`id`) ON DELETE CASCADE ON UPDATE CASCADE;

--
-- Constraints for table `expense`
--
ALTER TABLE `expense`
  ADD CONSTRAINT `fk_user_accounts_expense` FOREIGN KEY (`user_id`) REFERENCES `user_accounts` (`id`) ON DELETE CASCADE ON UPDATE CASCADE;

--
-- Constraints for table `logs`
--
ALTER TABLE `logs`
  ADD CONSTRAINT `fk_user_accounts_logs` FOREIGN KEY (`user_id`) REFERENCES `user_accounts` (`id`) ON DELETE CASCADE ON UPDATE CASCADE;

--
-- Constraints for table `security_q`
--
ALTER TABLE `security_q`
  ADD CONSTRAINT `fk_user_accounts_security_q` FOREIGN KEY (`user_id`) REFERENCES `user_accounts` (`id`) ON DELETE CASCADE ON UPDATE CASCADE;

--
-- Constraints for table `settings`
--
ALTER TABLE `settings`
  ADD CONSTRAINT `fk_user_accounts_settings` FOREIGN KEY (`user_id`) REFERENCES `user_accounts` (`id`) ON DELETE CASCADE ON UPDATE CASCADE;

--
-- Constraints for table `user_accounts`
--
ALTER TABLE `user_accounts`
  ADD CONSTRAINT `fk_dashboard` FOREIGN KEY (`dashboard_id`) REFERENCES `dashboard` (`id`),
  ADD CONSTRAINT `fk_question` FOREIGN KEY (`question_id`) REFERENCES `security_q` (`id`),
  ADD CONSTRAINT `fk_settings` FOREIGN KEY (`settings_id`) REFERENCES `settings` (`id`);
COMMIT;

/*!40101 SET CHARACTER_SET_CLIENT=@OLD_CHARACTER_SET_CLIENT */;
/*!40101 SET CHARACTER_SET_RESULTS=@OLD_CHARACTER_SET_RESULTS */;
/*!40101 SET COLLATION_CONNECTION=@OLD_COLLATION_CONNECTION */;
